77,46,46,46,46,46,46,46,46,46,142,46,46,46,46,46,46,46,46,46,142,46,46,46,46,46,46,46,46,46,142,46,46,46,46,46,46,46,46,46,142,46,46,46,46,46,46,46,46,46,110,46,46,46,46,46,46,46,46,46,110,46,46,46,46,46,46,46,46,46,142,46,46,46,46,46,46,46,46,46,142,46,46,46,46,46,46,46,46,46,142,46,46,46,46,46,46,46,46,79,47,218,218,218,218,218,218,218,218,218,218,218,218,218,218,218,218,218,218,218,218,218,218,218,218,218,218,218,218,218,218,218,218,218,218,218,218,218,218,218,218,218,218,218,218,218,218,218,218,218,218,218,218,218,218,218,218,218,218,218,218,218,218,218,218,218,218,218,218,218,218,218,218,218,218,218,218,218,218,218,218,218,218,218,218,218,218,218,218,218,218,218,218,218,218,218,218,218,218,218
47,170,28,28,28,28,28,28,28,28,47,168,169,170,171,168,169,170,171,28,47,28,47,28,28,28,28,28,28,28,47,28,28,28,28,28,28,28,28,28,47,28,28,28,28,28,28,28,28,28,47,171,28,99,28,28,28,28,99,28,47,28,28,28,28,28,28,28,28,28,47,28,28,28,28,28,28,28,28,28,47,352,353,28,28,28,28,28,28,28,47,28,28,28,28,28,28,28,170,47,47,218,218,218,218,218,218,218,218,218,218,218,218,218,218,218,218,218,218,218,218,218,218,218,218,218,218,218,218,218,218,218,310,311,312,218,218,218,218,218,218,218,218,218,218,218,218,218,218,218,218,218,218,218,218,218,218,218,218,218,218,218,218,218,218,218,218,218,218,218,218,218,218,218,218,218,218,218,218,218,218,218,218,218,218,218,218,218,218,218,218,218,218,218,218,218,218,218,218,218
47,202,28,28,28,28,28,28,28,28,47,200,201,202,203,200,201,202,203,28,47,28,47,28,28,28,28,28,28,28,47,28,28,28,28,28,28,28,28,28,47,28,28,28,28,28,28,28,28,28,47,203,28,171,168,168,168,168,171,28,47,28,28,28,28,28,28,28,28,28,47,28,28,28,28,28,28,28,28,28,47,28,28,28,28,28,28,28,28,28,47,28,28,28,28,28,28,28,202,47,47,218,218,218,218,218,218,218,218,218,218,218,218,218,218,218,218,218,218,218,218,218,218,218,218,218,218,218,218,218,218,218,342,343,344,218,218,218,218,218,218,218,218,218,218,218,218,218,218,218,218,218,218,218,218,218,218,218,218,218,218,218,218,218,218,218,218,218,218,218,218,218,218,218,218,218,218,218,218,218,218,218,218,218,218,218,218,218,218,218,218,218,218,218,218,310,311,312,218,218
47,28,28,28,28,28,28,28,28,28,47,28,28,28,28,28,28,28,28,28,47,28,141,79,28,28,28,28,28,28,47,28,28,28,28,28,28,28,28,28,47,28,28,28,28,28,28,28,28,28,109,28,28,203,200,200,200,200,203,28,47,28,28,28,28,28,28,28,28,28,47,28,28,28,28,28,28,28,28,28,47,28,28,28,28,28,28,28,28,28,47,28,28,28,28,28,28,28,28,47,47,218,218,218,218,218,218,218,218,218,218,218,218,218,218,218,218,218,218,218,218,218,218,218,218,218,218,218,218,218,218,218,374,375,376,218,218,218,218,218,218,218,218,218,218,218,218,218,218,218,310,311,312,218,218,218,218,218,218,218,218,218,218,218,218,218,218,218,218,218,218,218,218,218,218,218,218,218,218,218,310,311,312,218,218,218,218,218,218,218,218,218,218,218,218,342,343,344,218,218
47,28,28,28,28,28,28,28,28,28,47,28,28,28,28,28,28,28,28,28,47,28,28,141,79,28,28,28,28,28,47,28,28,28,28,28,28,28,28,28,47,28,28,28,28,28,28,28,28,28,47,171,28,28,168,70,71,168,28,28,47,28,28,28,28,28,28,28,28,28,47,28,28,28,28,28,28,28,28,28,47,28,28,28,28,28,28,28,28,28,47,28,28,28,28,28,28,28,28,47,47,218,218,218,218,310,311,312,218,218,218,218,218,218,218,218,218,218,218,218,218,218,218,218,218,218,218,218,218,218,218,218,218,218,218,218,218,218,218,218,218,218,218,218,218,218,218,218,218,218,342,343,344,218,218,218,218,218,218,218,218,218,218,218,218,218,218,218,218,218,218,218,218,218,218,218,218,218,218,218,342,343,344,218,218,218,218,218,313,314,315,313,314,315,218,374,375,376,218,218
47,28,28,28,28,28,28,28,28,28,47,28,28,28,28,28,28,28,28,28,47,28,28,28,141,142,46,46,46,46,109,28,28,28,28,28,28,28,28,28,47,28,28,28,28,28,28,28,28,28,47,203,28,28,200,102,103,200,28,28,111,28,28,28,28,28,28,28,28,28,47,28,28,28,28,28,28,28,28,28,47,28,28,28,28,28,28,28,28,28,47,28,28,28,28,28,28,28,28,47,47,218,218,218,218,342,343,344,218,218,218,218,218,218,218,218,218,218,218,218,218,218,218,218,218,218,218,218,218,218,218,218,218,218,218,218,218,218,218,218,218,218,218,218,218,218,218,218,218,218,374,375,376,218,218,218,218,218,218,218,218,218,218,218,218,218,218,218,218,218,218,218,218,218,218,218,218,218,218,218,374,375,376,218,218,218,218,218,345,346,347,345,346,347,218,218,218,218,218,218
47,28,28,28,28,28,28,28,28,28,47,28,28,28,28,28,28,28,28,28,47,28,28,28,28,47,28,28,28,28,47,28,28,28,28,28,28,28,28,28,47,28,28,28,28,28,28,28,28,28,47,28,28,171,168,168,168,168,171,28,47,28,28,28,28,28,28,28,28,28,47,28,28,28,28,28,28,28,28,28,47,28,28,28,28,28,28,28,28,28,47,28,28,28,28,28,28,28,28,47,47,218,218,218,218,374,375,376,218,218,218,218,218,218,218,218,218,218,218,218,218,218,218,218,218,218,218,218,218,218,218,218,218,218,218,218,218,218,218,218,218,218,218,218,218,218,218,218,218,218,218,218,218,218,218,218,218,218,218,310,311,312,218,218,218,218,218,218,218,218,218,218,218,218,218,218,218,218,218,218,218,218,218,218,218,218,218,218,377,378,379,377,378,379,218,218,218,218,218,218
47,28,28,28,28,28,28,28,28,28,47,28,28,28,28,28,28,28,28,28,47,28,28,28,28,47,28,28,28,28,47,28,28,28,28,28,28,28,28,28,47,28,28,28,28,28,28,28,28,28,47,28,28,203,200,200,200,200,203,28,47,28,28,28,28,28,28,28,28,28,47,28,28,28,28,28,28,28,28,28,47,28,28,28,28,28,28,28,28,28,47,28,28,28,28,28,28,28,28,47,47,218,218,218,218,218,218,218,218,218,218,218,218,218,218,218,218,313,314,315,313,218,218,218,218,218,218,218,218,218,218,218,218,218,218,218,218,218,218,218,218,218,218,218,218,218,218,218,218,218,218,218,218,218,218,218,218,218,218,342,343,344,218,218,218,218,218,218,218,218,218,218,310,311,312,218,218,218,218,218,218,218,218,218,218,218,218,218,313,314,315,313,314,315,218,218,218,218,218,218
47,28,28,28,28,28,28,28,28,28,47,28,168,169,170,171,168,169,170,171,47,28,28,28,28,47,28,28,28,28,47,28,28,168,169,170,171,28,28,28,47,172,172,172,172,172,172,172,172,172,47,171,28,99,13,13,13,13,99,28,47,28,28,28,28,28,28,28,28,28,47,28,28,28,28,28,28,28,28,28,47,28,28,28,28,28,28,28,28,28,47,40,41,28,28,28,28,28,28,47,47,218,218,218,218,218,218,218,218,218,218,218,218,218,218,218,218,345,346,347,345,218,218,218,218,218,218,310,311,312,218,218,218,218,218,218,218,310,311,312,218,218,218,218,218,218,218,218,218,218,218,218,218,218,218,218,218,218,218,374,375,376,218,218,218,218,218,218,218,218,218,218,342,343,344,218,218,218,218,218,218,218,218,218,218,218,218,218,345,346,347,345,346,347,218,218,218,218,218,218
47,28,28,28,28,28,28,28,28,28,47,28,200,201,202,203,200,201,202,203,47,28,28,28,28,47,28,28,28,28,47,28,28,200,201,202,203,28,28,28,47,204,204,204,204,204,204,204,204,204,47,203,28,28,28,28,28,28,28,28,47,28,28,28,28,28,28,28,28,28,47,198,198,198,198,198,198,198,198,198,47,28,28,28,28,28,28,28,28,28,47,72,73,28,28,28,28,28,28,47,47,218,218,218,218,218,218,218,218,218,218,218,218,218,218,218,218,377,378,379,377,218,218,218,218,218,218,342,343,344,218,218,218,218,218,218,218,342,343,344,218,218,218,218,218,218,218,218,218,218,218,218,218,218,218,218,218,218,218,218,218,218,218,218,218,218,218,218,218,218,218,218,374,375,376,218,218,218,218,218,218,218,218,218,218,218,218,218,377,378,379,377,378,379,218,218,218,218,218,218
111,46,46,46,46,46,46,46,46,46,110,46,46,46,46,78,46,46,46,46,110,46,46,46,46,78,46,46,46,46,110,46,46,46,46,46,46,46,46,46,110,46,46,46,46,46,46,46,46,46,142,46,46,46,46,46,46,46,46,46,142,46,46,46,46,142,46,46,46,46,110,46,46,46,46,46,46,46,46,46,110,46,46,46,46,78,46,46,46,46,110,46,46,46,46,46,46,46,46,109,47,218,218,218,218,218,218,218,218,218,218,218,218,218,218,218,218,313,314,315,313,218,218,218,218,218,218,374,375,376,218,218,218,218,218,218,218,374,375,376,218,218,218,218,218,218,218,218,218,218,218,218,218,218,218,218,218,218,218,218,218,218,218,218,218,218,218,218,218,218,218,218,218,218,218,218,218,218,218,218,218,218,218,218,218,218,218,218,313,314,315,313,314,315,218,218,218,218,218,218
47,28,28,28,28,28,28,28,28,28,47,108,108,108,108,108,108,108,108,108,47,28,28,28,28,28,28,28,28,28,47,42,42,42,42,42,42,42,42,42,47,28,28,28,28,28,28,28,28,28,47,28,47,28,28,28,28,28,28,28,47,28,28,28,28,47,28,28,28,28,47,199,199,199,199,199,199,199,199,199,47,108,108,108,108,108,108,108,108,108,47,28,28,28,28,28,28,28,28,47,47,218,218,218,218,218,218,218,218,218,218,218,218,218,218,218,218,218,218,218,218,218,218,218,218,218,218,218,218,218,218,218,218,218,218,218,218,218,218,218,218,218,218,218,218,218,218,218,218,218,218,218,218,218,218,218,218,218,218,218,218,218,218,218,218,218,218,218,218,218,218,218,218,218,218,218,218,218,218,218,218,218,218,218,218,218,218,218,345,346,347,345,346,347,218,218,218,218,218,218
47,28,28,28,28,28,28,28,28,28,47,140,140,140,140,140,140,140,140,140,47,28,28,28,28,28,28,28,28,28,47,42,42,42,42,42,42,42,42,42,47,28,28,28,28,28,28,28,28,28,47,28,47,28,28,28,28,28,28,28,47,28,28,28,28,47,28,28,28,28,47,28,28,28,28,28,28,28,28,28,47,140,140,140,140,140,140,140,140,140,47,28,28,28,28,28,28,28,28,47,47,218,218,218,218,218,218,218,218,218,218,218,218,218,218,218,218,218,218,218,218,218,218,218,218,218,218,218,218,218,218,218,218,218,218,218,218,218,218,218,218,218,218,218,218,218,218,218,218,218,218,218,218,218,218,218,218,218,218,218,218,218,218,218,218,218,218,218,218,218,218,218,218,218,218,218,218,218,218,218,218,218,218,218,218,218,218,218,218,218,218,218,218,218,218,218,218,218,218,218
47,28,28,28,28,28,28,28,28,28,111,78,78,78,78,78,78,78,78,78,109,28,28,28,28,28,28,28,28,28,47,42,42,42,42,42,42,42,42,42,47,28,28,28,28,28,28,28,28,28,47,28,141,79,28,28,28,28,28,28,47,172,173,174,175,47,172,173,174,175,47,28,28,28,28,28,28,28,28,28,111,78,78,78,78,78,78,78,78,78,109,28,28,28,28,28,28,28,28,47,47,218,218,218,218,218,218,218,218,218,218,218,218,218,218,218,218,218,218,218,218,218,218,218,218,218,218,218,218,218,218,218,218,218,218,218,218,218,218,218,218,218,218,218,218,218,218,218,218,218,218,218,218,218,218,218,218,218,218,218,218,218,218,218,218,218,218,218,218,218,218,218,218,218,218,218,218,218,218,218,218,218,218,218,218,218,218,218,218,218,218,218,218,218,218,218,218,218,218,218
47,28,28,28,28,28,28,28,28,28,47,108,108,108,108,108,108,108,108,108,47,28,28,28,28,28,28,28,28,28,47,42,42,42,42,42,42,42,42,42,47,28,28,28,28,28,28,28,28,28,47,28,28,141,79,28,28,28,28,28,47,204,205,206,207,47,204,205,206,207,47,28,28,28,28,28,28,28,28,28,47,108,108,108,108,108,108,108,108,108,47,28,28,28,28,28,28,28,28,47,47,218,218,218,218,218,218,218,218,218,218,218,218,218,218,218,218,218,218,218,218,218,218,218,218,218,218,218,218,218,218,218,218,218,313,314,315,218,218,218,218,218,218,218,218,218,218,218,218,218,218,218,218,218,218,218,218,218,218,218,218,218,218,218,218,218,218,218,218,218,218,218,218,218,218,218,218,218,218,218,218,218,218,218,218,218,218,218,218,218,218,218,218,218,218,218,218,218,218,218
47,28,28,28,28,28,28,28,28,28,47,140,140,140,140,140,140,140,140,140,47,28,28,28,28,28,28,28,28,28,47,42,42,42,42,42,42,42,42,42,47,28,28,28,28,28,28,28,28,28,47,28,28,28,141,142,46,46,46,46,110,46,46,46,46,110,46,46,46,46,109,28,28,28,28,28,28,28,28,28,47,140,140,140,140,140,140,140,140,140,47,28,28,28,28,28,28,28,28,47,47,218,218,218,218,218,218,218,218,218,218,218,310,311,312,218,218,218,218,218,218,218,218,218,218,313,314,315,218,218,218,218,218,218,345,346,347,218,218,218,218,218,218,218,218,218,218,218,218,218,218,218,218,218,313,314,315,283,218,218,218,218,218,218,218,218,218,218,218,218,218,218,218,218,218,218,218,218,218,218,218,218,218,218,218,218,218,218,218,218,218,218,218,218,218,218,218,218,218,218
47,28,28,28,28,28,28,28,28,28,111,78,78,78,78,78,78,78,78,78,109,28,28,28,28,28,28,28,28,28,47,42,42,42,42,42,42,42,42,42,47,28,28,28,28,28,28,28,28,28,47,28,28,28,28,47,28,28,28,28,47,28,28,28,28,47,28,28,28,28,47,28,28,28,28,28,28,28,28,28,111,78,78,78,78,78,78,78,78,78,109,28,28,28,28,28,28,28,28,47,47,218,218,218,218,218,218,218,218,218,218,218,342,343,344,218,218,218,218,218,218,218,218,218,218,345,346,347,218,218,218,218,218,218,377,378,379,218,218,218,218,218,218,218,218,218,218,218,218,218,218,218,218,218,345,346,347,283,218,218,218,218,218,218,218,218,218,218,218,218,218,218,218,218,218,218,218,218,218,218,218,218,218,218,218,218,218,218,218,218,218,218,218,218,218,218,218,218,218,218
47,28,28,28,28,28,28,28,28,28,47,28,28,28,28,28,28,28,28,28,47,28,28,28,28,28,28,28,28,28,47,42,42,42,42,42,42,42,42,42,47,28,28,28,28,28,28,28,28,28,47,28,28,28,28,47,28,28,28,28,47,28,28,28,28,47,28,28,28,28,47,28,28,28,28,28,28,28,28,28,47,28,28,28,28,28,28,28,28,28,47,28,28,28,28,28,28,28,28,47,47,218,218,218,218,218,218,218,218,218,218,218,374,375,376,218,218,218,218,218,218,218,218,218,218,377,378,379,218,218,218,218,218,218,218,218,218,218,218,218,218,218,218,218,218,218,218,218,218,218,218,218,218,218,377,378,379,283,218,218,218,218,218,218,218,218,218,218,218,218,218,218,218,218,218,218,218,218,218,218,313,314,315,313,314,218,218,218,218,218,218,218,218,218,218,218,218,218,218,218
47,28,28,28,28,28,28,28,384,385,47,108,108,108,108,108,108,108,108,108,47,28,28,28,168,169,170,171,28,28,47,42,42,42,42,42,42,42,42,42,47,173,172,173,174,175,172,173,174,175,47,28,28,28,28,47,28,28,28,28,47,172,173,174,175,47,172,173,174,175,47,28,28,28,28,28,28,28,28,28,47,108,108,108,108,108,108,108,108,108,47,172,172,172,172,172,172,172,172,47,47,218,218,218,218,218,218,218,218,218,218,218,218,218,218,218,218,218,218,218,218,218,218,218,218,218,218,218,218,218,218,218,218,218,218,218,218,218,218,218,218,218,218,218,218,218,218,218,218,218,218,218,218,218,218,218,218,218,218,218,218,218,218,218,218,218,218,218,310,311,312,218,218,218,218,218,218,218,218,218,345,346,347,345,346,218,218,218,218,218,218,218,218,218,218,218,310,311,312,218
47,28,28,28,28,28,28,28,416,417,47,140,140,140,140,140,140,140,140,140,47,28,28,28,200,201,202,203,28,28,47,42,42,42,42,42,42,42,42,42,47,205,204,205,206,207,204,205,206,207,47,28,28,28,28,47,28,28,28,28,47,204,205,206,207,47,204,205,206,207,47,28,28,28,28,28,28,28,28,28,47,140,140,140,140,140,140,140,140,140,47,204,204,204,204,204,204,204,204,47,47,218,218,218,218,218,218,218,218,218,218,218,218,218,218,218,218,218,218,218,218,218,218,218,218,218,218,218,218,218,218,218,218,218,218,218,218,218,218,218,218,218,218,218,218,218,310,311,312,218,218,218,218,218,218,218,218,218,218,218,218,218,218,218,218,218,218,218,342,343,344,218,218,218,218,218,218,218,218,218,377,378,379,377,378,218,218,218,218,218,218,218,218,218,218,218,342,343,344,218
111,46,46,46,46,46,46,46,46,46,110,78,78,78,78,78,78,78,78,78,110,46,46,46,46,46,46,46,46,46,110,46,46,46,46,46,46,46,46,46,110,46,46,46,46,142,46,46,46,46,110,46,46,46,46,78,46,46,46,46,110,46,46,46,46,78,46,46,46,46,110,46,46,46,46,46,46,46,46,46,110,78,78,78,78,78,78,78,78,78,110,46,46,46,46,46,46,46,46,109,47,218,218,218,218,218,218,218,218,218,218,218,218,218,218,218,218,218,218,218,218,218,218,218,218,218,218,218,218,310,311,312,218,218,218,218,218,218,218,218,218,218,218,218,218,218,342,343,344,218,218,218,218,218,218,218,218,218,218,218,218,218,218,218,218,218,218,218,374,375,376,218,218,218,218,218,218,218,218,218,313,314,315,313,314,218,218,218,218,218,218,218,218,218,218,218,374,375,376,218
47,28,28,28,28,28,28,28,28,28,47,28,28,28,28,28,28,28,28,28,47,28,28,28,28,28,28,28,28,28,47,28,28,28,28,28,28,28,28,28,47,28,28,28,28,47,28,28,28,28,47,28,28,28,28,28,28,28,28,28,47,28,28,28,28,28,28,28,28,28,47,6,6,6,6,6,6,6,6,6,47,6,6,6,6,6,6,6,6,6,47,6,6,6,6,6,6,6,6,47,47,218,218,218,218,313,314,315,218,218,218,218,218,218,218,218,218,218,218,218,218,218,218,218,218,218,218,218,218,342,343,344,218,218,218,218,218,218,218,218,218,218,218,218,218,218,374,375,376,218,218,218,218,218,218,218,218,218,218,218,218,218,218,218,218,218,218,218,218,218,218,218,218,218,218,218,218,218,218,218,345,346,347,345,283,218,218,218,218,310,311,312,218,218,218,218,218,218,218,218
47,28,28,28,28,28,28,28,28,28,47,28,28,28,28,28,28,28,28,28,47,28,28,28,28,28,28,28,28,28,47,28,28,28,28,28,28,28,28,28,47,28,28,28,28,47,28,28,28,28,47,28,28,28,28,28,28,28,28,28,47,28,28,28,28,28,28,28,28,28,47,6,28,28,28,28,28,28,28,6,47,6,28,28,28,28,28,28,28,6,47,6,28,28,28,28,28,28,28,47,47,218,218,218,218,345,346,347,218,218,218,218,218,218,218,218,218,218,218,218,218,218,218,218,218,218,218,218,218,374,375,376,218,218,218,218,218,218,218,218,218,218,218,218,218,218,218,218,218,218,218,218,218,218,218,218,218,218,218,218,218,218,218,218,218,218,218,218,218,218,218,218,218,218,218,218,218,218,218,218,218,218,218,218,218,218,218,218,218,342,343,344,218,218,218,218,218,218,218,218
47,28,28,28,28,28,28,28,28,28,111,46,46,46,46,46,46,46,46,46,109,28,28,28,28,28,28,28,28,28,47,28,28,28,28,28,28,28,28,28,47,28,28,28,28,47,28,28,28,28,47,28,28,28,28,28,28,28,28,28,47,28,28,28,28,28,28,28,28,28,47,6,28,28,28,28,28,28,28,6,47,6,28,28,28,28,28,28,28,6,47,6,28,28,28,28,28,28,28,47,47,218,218,218,218,377,378,379,218,218,218,218,218,218,218,218,218,218,218,218,218,218,218,218,218,218,218,218,218,218,218,218,218,218,218,218,218,218,218,218,218,218,218,218,218,218,218,218,218,218,218,218,218,218,218,218,218,218,218,218,218,218,218,218,218,218,218,218,218,218,218,218,218,218,218,218,218,218,218,218,218,218,218,218,218,218,218,218,218,374,375,376,218,218,218,218,218,218,218,218
47,28,28,28,28,28,28,28,28,28,47,28,28,28,28,28,28,28,28,28,47,28,28,28,28,28,28,28,28,28,47,28,28,28,28,28,28,28,28,28,47,28,28,28,28,47,28,28,28,28,47,28,28,28,28,28,28,28,28,28,47,28,28,28,28,28,28,28,28,28,47,6,28,28,28,28,28,28,28,6,47,6,28,28,28,28,28,28,28,6,47,6,28,28,28,28,28,28,28,47,47,218,218,218,218,218,218,218,218,218,218,218,218,218,218,218,218,218,218,218,218,218,218,218,218,218,218,218,218,218,218,218,218,218,218,218,218,218,218,218,218,218,218,218,218,218,218,218,218,218,218,218,218,218,218,218,218,218,218,218,218,218,218,218,218,218,218,218,218,218,218,218,218,218,218,218,218,218,218,218,218,218,218,218,218,218,218,218,218,218,218,218,218,218,218,218,218,218,218,218
47,28,28,28,28,28,28,28,28,28,47,28,28,28,28,28,28,28,28,28,47,28,28,28,28,28,28,28,28,28,47,28,28,28,28,28,28,28,28,28,111,46,46,46,46,110,46,46,46,46,109,28,28,28,28,28,28,28,28,28,47,28,28,28,28,28,28,28,28,28,47,6,28,28,28,28,28,28,28,6,47,6,28,28,28,28,28,28,28,6,47,6,28,28,28,28,28,28,28,47,47,218,218,218,218,218,218,218,218,218,218,218,218,218,218,313,314,315,218,218,218,218,218,218,218,218,218,218,218,218,218,218,218,218,218,218,218,218,218,218,218,218,218,218,218,218,218,218,218,218,218,218,218,218,218,218,218,218,218,218,310,311,312,218,218,218,218,218,218,218,218,218,218,218,218,218,218,218,218,218,218,218,218,218,218,218,218,218,218,218,218,218,218,218,218,218,218,218,218,218
47,28,28,28,28,28,28,28,28,28,111,46,46,46,46,46,46,46,46,46,109,28,28,28,28,28,28,28,28,28,47,28,28,28,28,28,28,28,28,28,47,28,28,28,28,47,28,28,28,28,47,28,28,28,28,28,28,28,28,28,47,28,28,28,28,28,28,28,28,28,47,6,28,28,28,28,28,28,28,6,47,6,28,28,28,28,28,28,28,6,47,6,28,28,28,28,28,28,28,47,47,218,218,218,218,218,218,218,218,218,218,218,218,218,218,345,346,347,218,218,218,218,218,218,218,218,218,218,218,218,218,218,218,218,218,313,314,315,313,314,218,218,218,218,218,218,218,218,218,218,218,218,218,218,218,218,218,218,218,218,342,343,344,218,218,218,218,218,218,218,218,218,218,218,218,218,218,218,218,218,218,218,218,218,218,218,218,218,218,218,218,218,218,218,218,218,218,218,218,218
47,28,28,28,28,28,28,28,28,28,47,28,28,28,28,28,28,28,28,28,47,28,28,28,28,28,28,28,28,28,47,28,28,28,28,28,28,28,28,28,47,28,28,28,28,47,28,28,28,28,47,28,28,28,28,28,28,28,28,28,47,28,28,28,28,28,28,28,28,28,47,6,28,28,28,28,28,28,28,6,47,6,28,28,28,28,28,28,28,6,47,6,28,28,28,28,28,28,28,47,47,218,218,218,218,218,218,218,218,218,218,218,218,218,218,377,378,379,218,218,218,218,218,218,218,218,218,218,218,218,218,218,218,218,218,345,346,347,345,346,218,218,218,218,218,218,218,218,218,218,218,218,218,218,218,218,218,218,218,218,374,375,376,218,218,218,218,218,218,218,218,218,218,218,218,218,218,218,218,218,218,218,218,218,218,218,218,218,218,218,218,218,218,218,218,218,218,218,218,218
47,28,28,28,28,28,28,28,28,28,111,46,46,46,46,46,46,46,46,46,109,28,28,28,28,28,28,28,28,28,47,28,28,28,28,28,28,28,28,28,47,28,28,28,28,47,28,28,28,28,47,28,28,28,28,40,41,28,28,28,47,28,28,28,28,28,28,28,28,28,47,6,28,28,28,28,28,28,28,6,47,6,28,28,28,28,28,28,28,6,47,6,28,28,28,28,28,28,28,47,47,218,218,218,218,218,218,218,218,218,218,218,218,218,218,218,218,218,218,218,218,218,218,218,218,218,218,218,218,218,218,218,218,218,218,377,378,379,377,378,218,218,218,218,218,218,218,218,218,218,218,218,218,218,218,218,218,218,218,218,218,218,218,218,218,218,218,218,218,218,218,218,218,218,218,218,218,218,218,218,218,218,218,218,218,218,218,218,218,218,218,218,218,218,218,218,218,218,218,218
47,28,28,28,28,28,28,28,28,28,47,28,28,28,28,28,28,28,28,28,47,28,28,28,28,28,28,28,28,28,47,28,28,28,28,28,28,28,28,28,47,28,28,28,28,47,28,28,28,28,47,28,28,28,28,72,73,28,28,28,47,28,28,28,28,28,28,28,28,28,47,6,6,6,6,6,6,6,6,6,47,6,6,6,6,6,6,6,6,6,47,6,6,6,6,6,6,6,6,47,47,218,218,218,218,218,218,218,310,311,312,218,218,218,218,218,218,218,218,218,218,218,218,218,218,218,218,218,218,218,218,218,218,218,218,313,314,315,313,314,218,218,218,218,218,218,218,218,218,218,218,218,218,218,218,218,218,218,218,218,218,218,218,218,218,218,218,218,218,218,218,218,218,218,218,218,218,218,218,218,218,218,218,218,218,218,218,218,218,218,218,218,218,218,218,218,218,218,218,218
111,46,46,46,46,46,46,46,46,46,110,46,46,46,46,46,46,46,46,46,110,46,46,46,46,46,46,46,46,46,142,46,46,46,46,46,46,46,46,46,142,46,46,46,46,78,46,46,46,46,110,46,46,46,46,46,46,46,46,46,110,46,46,46,46,46,46,46,46,46,110,46,46,46,46,46,46,46,46,46,110,46,46,46,46,46,46,46,46,46,110,46,46,46,46,46,46,46,46,109,47,218,218,218,218,218,218,218,342,343,344,218,218,218,218,218,218,218,218,310,311,312,218,218,218,218,218,218,218,218,218,218,218,218,218,345,346,347,345,346,218,218,218,218,218,218,218,218,218,218,218,218,218,218,218,218,218,218,218,218,218,218,218,218,218,218,218,218,218,218,313,314,315,218,218,218,218,218,218,218,218,218,218,218,218,218,218,218,218,218,218,218,310,311,312,218,218,218,218,218
47,28,28,28,28,28,28,28,28,28,47,28,28,28,28,28,28,28,28,28,47,28,28,28,28,28,28,28,28,28,47,28,47,28,28,28,28,28,28,28,47,28,28,28,28,28,28,28,28,28,47,28,28,28,28,28,28,28,28,28,47,28,28,28,28,28,28,28,28,28,47,6,6,6,6,6,6,6,6,6,47,6,6,6,6,6,6,6,6,6,47,6,6,6,6,6,6,6,6,47,47,218,218,218,218,218,218,218,374,375,376,218,218,218,218,218,218,218,218,342,343,344,218,218,218,218,218,218,218,218,218,218,218,218,218,218,218,218,218,218,218,218,218,218,218,218,218,218,218,218,218,218,218,218,218,218,218,218,218,218,218,218,218,218,218,218,218,218,218,218,345,346,347,218,218,218,218,218,218,218,218,218,218,218,218,218,218,218,218,218,218,218,342,343,344,218,218,218,218,218
47,28,28,28,28,28,28,28,28,28,47,28,28,28,28,28,28,28,28,28,47,28,28,28,28,28,28,28,28,28,47,28,47,28,28,28,28,28,28,28,47,28,28,28,28,28,28,28,28,28,47,28,28,28,28,28,28,28,28,28,47,28,28,28,28,28,28,28,28,28,47,6,28,28,28,28,28,28,28,6,47,6,28,28,28,28,28,28,28,6,47,6,28,28,28,28,28,28,28,47,47,218,218,218,218,218,218,218,218,218,218,218,218,218,218,218,218,218,218,374,375,376,218,218,218,218,218,218,218,218,218,218,218,218,218,218,218,218,218,218,218,218,218,218,218,218,218,218,218,218,310,311,312,218,218,218,218,218,218,218,218,218,218,218,218,218,218,218,218,218,377,378,379,218,218,218,218,218,218,218,218,218,218,218,218,218,218,218,218,218,218,218,374,375,376,218,218,218,218,218
47,28,28,28,28,28,28,28,28,28,111,46,142,46,142,46,142,46,142,46,109,28,28,28,28,28,28,28,28,28,47,28,141,79,28,28,28,28,28,28,47,28,28,28,28,28,28,28,28,28,47,28,28,28,28,28,28,28,28,28,111,46,142,46,142,46,142,46,142,46,109,6,28,28,28,28,28,28,28,6,47,6,28,28,28,28,28,28,28,6,47,6,28,28,28,28,28,28,28,47,47,218,218,218,218,218,218,218,218,218,218,218,218,218,218,218,218,218,218,218,218,218,218,218,218,218,218,218,218,218,218,218,218,218,218,218,218,218,218,218,218,218,218,218,218,218,218,218,218,218,342,343,344,218,218,218,218,218,218,218,218,218,218,218,218,218,218,218,218,218,218,218,218,218,218,218,218,218,218,218,218,218,218,218,218,218,218,218,218,218,218,218,218,218,218,218,218,218,218,218
47,28,28,28,28,28,28,28,28,28,47,28,47,28,47,28,47,28,47,28,47,28,28,28,28,28,28,28,28,28,47,28,28,141,79,28,28,28,28,28,47,28,28,28,28,28,28,28,28,28,47,28,28,28,28,28,28,28,28,28,47,28,47,28,47,28,47,28,47,28,47,6,28,28,28,28,28,28,28,6,47,6,28,28,28,28,28,28,28,6,47,6,28,28,28,28,28,28,28,47,47,218,218,218,218,218,218,218,218,218,218,218,218,218,218,218,218,218,218,218,218,218,218,218,218,218,218,218,218,218,218,218,218,218,218,218,218,218,218,218,218,218,218,218,218,218,218,218,218,218,374,375,376,218,218,218,218,218,218,218,218,218,218,218,218,218,218,218,218,218,218,218,218,218,218,218,218,218,218,218,218,218,218,218,310,311,312,218,218,218,218,218,218,218,218,218,218,218,218,218
47,28,28,28,28,28,28,28,28,28,47,28,47,28,47,28,47,28,47,28,47,28,518,519,520,521,522,523,28,28,47,28,28,28,141,142,46,46,46,46,109,28,28,28,28,28,28,28,28,28,47,28,28,530,531,532,533,534,535,28,47,28,47,28,47,28,47,28,47,28,47,6,28,28,28,28,28,28,28,6,47,6,28,28,28,28,28,28,28,6,47,6,28,28,28,28,28,28,28,47,47,218,218,218,218,218,218,218,218,218,218,218,218,218,218,218,218,218,218,218,218,218,218,218,218,218,218,218,218,218,218,218,218,218,218,218,218,218,218,218,218,218,218,218,218,218,218,218,218,218,218,218,218,218,218,218,218,218,218,218,218,218,218,218,218,218,218,218,218,218,218,218,218,218,218,218,218,218,218,218,218,218,218,218,342,343,344,218,218,218,218,218,218,218,218,218,218,218,218,218
47,28,28,28,28,28,28,28,28,28,47,28,47,28,47,28,47,28,47,28,47,28,550,551,552,553,554,555,28,28,47,28,28,28,28,47,28,28,28,28,47,28,28,28,28,28,28,28,28,28,47,28,28,562,563,564,565,566,567,28,47,28,47,28,47,28,47,28,47,28,47,6,28,28,28,28,28,28,28,6,47,6,28,28,28,28,28,28,28,6,47,6,28,28,28,28,28,28,28,47,47,218,218,218,218,218,218,218,218,218,218,218,218,218,218,218,218,218,218,218,218,218,218,218,218,218,218,218,218,218,218,218,218,218,218,218,218,218,218,218,218,218,218,218,218,218,218,218,218,218,218,218,218,218,218,218,218,218,218,218,218,218,218,218,218,310,311,312,218,218,218,218,218,218,218,218,218,218,218,218,218,218,218,218,374,375,376,218,218,218,218,218,218,218,218,218,218,218,218,218
47,28,28,28,28,28,28,28,28,28,47,28,47,28,47,28,47,28,47,28,47,28,582,583,584,585,586,587,28,28,47,28,28,28,28,47,28,28,28,28,47,28,28,28,28,28,28,28,28,28,47,28,28,594,595,596,597,598,599,28,47,28,47,28,47,28,47,28,47,28,47,6,28,28,28,28,28,28,28,6,47,6,28,28,28,28,28,28,28,6,47,6,28,28,28,28,28,28,28,47,47,218,218,218,218,218,218,218,218,218,218,218,218,218,218,218,218,218,218,218,218,218,218,218,218,218,218,218,313,314,315,218,218,218,218,218,218,218,218,218,218,218,218,218,218,218,218,218,218,218,218,218,218,218,218,218,218,218,218,218,218,218,218,218,218,342,343,344,218,218,218,218,218,218,218,218,218,218,218,218,218,218,218,218,218,218,218,218,218,218,218,218,218,218,218,218,218,218,218,218
47,28,28,28,28,28,28,28,28,28,47,238,47,238,47,238,47,238,47,238,47,28,614,615,616,617,618,619,28,28,47,28,28,28,28,47,28,28,28,28,47,28,28,28,28,28,28,28,28,28,47,28,28,626,627,628,629,630,631,28,47,238,47,238,47,238,47,238,47,238,47,6,28,28,28,28,28,28,28,6,47,6,28,28,28,28,28,28,28,6,47,6,28,28,28,28,28,28,28,47,47,218,218,218,218,218,218,218,218,218,218,218,218,218,218,218,218,218,218,218,218,218,218,218,218,218,218,218,345,346,347,218,218,218,218,218,218,218,218,218,218,218,218,218,218,218,218,218,218,218,218,218,218,218,218,218,218,218,218,218,218,218,218,218,218,374,375,376,218,218,218,218,218,218,218,218,218,218,218,218,218,218,218,218,218,218,218,218,218,218,218,218,218,218,218,218,218,218,218,218
47,28,28,28,28,28,28,28,28,28,47,270,47,270,47,270,47,270,47,270,47,28,646,647,648,649,650,651,28,28,47,28,28,28,28,47,28,28,28,28,47,28,28,28,28,28,28,28,28,28,47,28,28,658,659,660,661,662,663,28,47,270,47,270,47,270,47,270,47,270,47,6,6,6,6,6,6,6,6,6,47,6,6,6,6,6,6,6,6,6,47,6,6,6,6,6,6,6,6,47,47,218,218,218,218,218,218,218,218,218,218,218,218,218,218,218,218,218,218,218,218,218,218,218,218,218,218,218,377,378,379,218,218,218,218,218,218,218,218,218,218,218,218,218,218,218,218,218,218,218,218,218,218,218,218,218,218,218,218,218,218,218,218,218,218,218,218,218,218,218,218,218,218,218,218,218,310,311,312,218,218,218,218,218,218,218,218,218,218,218,218,218,218,218,218,218,218,218,310,311
110,46,46,46,46,46,46,46,46,46,110,46,78,46,78,46,78,46,78,46,110,46,46,46,46,46,46,46,46,46,110,46,46,46,46,78,46,46,46,46,110,46,46,46,46,46,46,46,46,46,110,46,46,46,46,142,46,46,46,46,110,46,78,46,78,46,78,46,78,46,142,46,46,46,46,46,46,46,46,46,142,46,46,46,46,46,46,46,46,46,110,46,46,46,46,46,46,46,46,109,47,218,218,218,218,218,218,218,218,218,218,218,218,218,218,218,218,218,218,218,218,218,218,218,218,218,218,218,218,218,218,218,218,218,218,218,218,218,218,218,218,218,218,218,218,218,218,218,218,218,218,218,218,218,218,218,218,218,218,218,218,218,218,218,218,218,218,218,218,218,218,218,218,218,218,218,342,343,344,218,218,218,218,218,218,218,218,218,218,218,218,218,218,218,218,218,218,218,342,343
47,28,28,28,28,47,28,28,28,28,47,28,28,28,28,28,28,28,28,28,47,28,28,28,28,28,28,28,28,28,47,108,108,108,108,108,108,108,108,108,47,28,28,28,28,28,28,28,28,28,47,28,28,28,28,47,28,28,28,28,47,28,28,28,28,28,28,28,28,28,47,28,47,28,28,28,28,28,28,28,47,28,28,28,28,47,28,28,28,28,47,28,28,28,28,28,28,28,28,47,47,218,218,218,218,218,218,218,218,218,218,218,218,218,218,218,218,218,218,218,218,218,218,218,218,218,218,218,218,218,218,218,218,218,218,218,218,218,218,218,218,218,218,218,218,218,218,218,218,218,218,218,218,218,218,218,218,218,218,218,218,218,218,218,218,218,218,218,218,218,218,218,218,218,218,218,374,375,376,218,218,218,218,218,218,218,218,218,218,218,218,218,218,218,218,218,218,218,374,375
110,46,46,46,46,109,28,28,28,28,111,28,28,28,28,28,28,28,28,28,47,28,28,28,28,28,28,28,28,28,47,140,140,140,140,140,140,140,140,140,47,28,28,28,28,28,28,28,28,28,47,28,28,28,28,47,28,28,28,28,47,28,28,28,28,28,28,28,28,28,47,28,47,28,28,28,28,28,28,28,109,46,46,46,46,109,28,28,28,28,111,28,28,28,28,28,28,28,28,47,47,218,218,218,218,218,218,218,218,313,314,315,218,218,218,218,218,218,218,218,218,218,218,218,218,218,218,218,218,218,218,218,218,218,218,218,218,218,218,218,218,218,218,218,218,218,218,218,218,218,218,218,218,218,218,218,218,218,218,218,218,218,218,218,218,218,218,218,218,218,218,218,218,218,218,218,218,218,218,218,218,218,218,218,218,218,218,218,218,218,218,218,218,218,218,218,218,218,218,218
47,28,28,28,28,47,28,28,28,28,47,28,28,28,28,28,28,28,28,28,47,28,28,28,28,28,28,28,28,28,111,78,78,78,78,78,78,78,78,78,109,28,28,28,28,28,28,28,28,28,47,28,28,28,28,47,28,28,28,28,47,28,28,28,28,28,28,28,28,28,47,28,141,79,28,28,28,28,28,28,47,28,28,28,28,47,28,28,28,28,47,28,28,28,28,28,28,28,28,47,47,218,218,218,218,218,218,218,218,345,346,347,218,218,218,218,218,218,218,218,218,218,218,218,218,218,218,218,218,218,218,218,218,218,218,218,218,218,218,218,218,218,218,218,218,218,218,218,218,218,218,218,310,311,312,218,218,218,218,218,218,218,218,218,218,218,218,218,218,218,218,218,218,218,218,218,218,218,218,218,218,218,218,218,310,311,312,218,218,218,218,218,218,218,218,218,218,218,218,218
109,28,28,28,28,47,28,28,28,28,111,28,28,28,28,28,28,28,28,28,47,28,28,28,28,28,28,28,28,28,47,108,108,108,108,108,108,108,108,108,47,28,28,28,28,28,28,28,28,28,47,28,28,28,28,47,28,28,28,28,47,28,28,28,28,28,28,28,28,28,47,28,28,141,79,28,28,28,28,28,47,28,28,28,28,47,28,28,28,28,111,28,28,28,28,28,28,28,28,47,47,218,218,218,218,218,218,218,218,377,378,379,218,218,218,218,218,218,218,218,218,218,218,218,310,311,312,218,218,218,218,218,218,218,218,218,218,310,311,312,218,218,218,218,218,218,218,218,218,218,218,218,342,343,344,218,218,218,218,218,218,218,218,218,218,218,218,218,218,218,218,218,218,218,218,218,218,218,218,218,218,218,218,218,342,343,344,218,218,218,218,218,218,218,218,218,218,218,218,218
47,28,28,28,28,141,79,28,28,28,47,28,28,28,28,28,28,28,28,28,47,28,28,28,28,28,28,28,28,28,47,140,140,140,140,140,140,140,140,140,47,28,28,28,28,28,28,28,28,28,111,46,46,46,46,110,46,46,46,46,109,28,28,28,28,28,28,28,28,28,47,28,28,28,141,142,46,46,46,46,109,28,28,28,28,141,79,28,28,28,47,28,28,28,28,28,28,28,28,47,47,218,218,218,218,218,218,218,218,218,218,218,218,218,218,218,218,218,218,218,218,218,218,218,342,343,344,218,218,218,218,218,218,218,218,218,218,342,343,344,218,218,218,218,218,218,218,218,218,218,218,218,374,375,376,218,218,218,218,218,218,218,218,218,218,218,218,218,218,218,218,218,218,218,218,218,218,218,218,218,218,218,218,218,374,375,376,218,218,218,218,218,218,218,218,218,218,218,218,218
109,28,28,28,28,28,47,28,28,28,111,28,28,28,28,28,28,28,28,28,47,28,28,28,28,28,28,28,28,28,111,78,78,78,78,78,78,78,78,78,109,28,28,28,28,28,28,28,28,28,47,28,28,28,28,47,28,28,28,28,47,28,28,28,28,28,28,28,28,28,47,28,28,28,28,47,28,28,28,28,47,28,28,28,28,28,47,28,28,28,111,28,28,28,28,28,28,28,28,47,47,218,218,218,218,218,218,218,218,218,218,218,218,218,218,218,218,218,218,218,218,218,218,218,374,375,376,218,218,218,218,218,218,218,218,218,218,374,375,376,218,218,218,218,218,218,218,218,218,218,218,218,218,218,218,218,218,218,218,218,218,218,218,218,218,218,218,218,218,218,218,218,218,218,218,218,218,218,218,313,314,315,218,218,218,218,218,218,218,218,218,218,218,218,218,218,218,218,218,218
47,28,28,28,28,28,141,46,46,46,47,28,28,28,28,28,28,28,28,28,47,28,28,28,28,28,28,28,28,28,47,28,28,28,28,28,28,28,28,28,47,28,28,28,28,28,28,28,28,28,47,28,28,28,28,47,28,28,28,28,47,28,28,28,28,28,28,28,28,28,47,28,28,28,28,47,28,28,28,28,47,28,28,28,28,28,141,46,46,46,47,28,28,28,28,28,28,28,28,47,47,218,218,218,218,218,218,218,218,218,218,218,218,218,218,218,218,218,218,218,218,218,218,218,218,218,218,218,218,218,218,218,218,218,218,218,218,218,218,218,218,218,218,218,218,218,218,218,218,218,218,218,218,218,218,218,218,218,218,218,218,218,218,313,314,315,313,314,315,283,218,218,218,218,218,218,218,218,218,345,346,347,218,218,218,218,218,218,218,218,218,218,218,218,218,218,218,218,218,218
109,28,28,28,28,28,28,28,28,28,111,28,28,28,28,28,28,28,28,28,47,28,28,28,28,28,28,28,28,28,47,108,108,108,108,108,108,108,108,108,47,28,28,28,28,28,28,28,28,28,47,28,28,28,28,47,28,28,28,28,47,28,28,28,28,28,28,28,28,28,47,28,28,28,28,47,28,28,28,28,47,28,28,28,28,28,28,28,28,28,111,28,28,28,28,28,28,28,28,47,47,218,218,218,218,218,218,218,218,218,218,218,218,218,218,218,218,218,218,218,218,218,218,218,218,218,218,218,218,218,218,218,218,218,218,218,218,218,218,218,218,218,218,218,218,218,218,218,218,218,218,218,218,218,218,218,218,218,218,218,218,218,218,345,346,347,345,346,347,283,218,218,218,218,218,218,218,218,218,377,378,379,218,218,218,218,218,218,218,218,218,218,218,218,218,218,218,218,218,218
47,28,28,28,28,28,28,28,28,28,47,28,28,28,28,28,28,28,28,28,47,28,28,28,28,28,28,28,28,28,47,140,140,140,140,140,140,140,140,140,47,28,28,28,28,28,28,28,28,28,47,28,28,28,28,47,28,28,28,28,47,28,28,28,28,28,28,28,28,28,47,28,28,28,28,47,28,28,28,28,47,28,28,28,28,28,28,28,28,28,47,28,28,28,28,28,28,28,28,47,47,218,218,218,218,218,218,218,218,218,218,218,218,218,218,218,218,218,218,218,218,218,218,218,218,218,218,218,218,218,218,218,218,218,218,218,218,218,218,218,218,218,218,218,218,218,218,218,218,218,218,218,218,218,218,218,218,218,218,218,218,218,218,377,378,379,377,378,379,283,218,218,218,218,218,218,218,218,218,218,218,218,218,218,218,218,218,218,218,218,218,218,218,310,311,312,218,218,218,218
110,46,46,46,46,46,46,46,46,46,110,46,46,46,46,46,46,46,46,46,110,46,46,46,46,46,46,46,46,46,110,78,78,78,78,78,78,78,78,78,110,46,46,46,46,46,46,46,46,46,110,46,46,46,46,78,46,46,46,46,110,46,46,46,46,46,46,46,46,46,110,46,46,46,46,78,46,46,46,46,110,46,46,46,46,46,46,46,46,46,110,46,46,46,46,46,46,46,46,109,47,218,218,218,218,218,218,218,218,218,218,218,218,218,218,218,218,218,218,218,218,218,218,218,218,218,218,218,218,218,218,218,218,218,218,218,218,218,218,218,218,218,218,218,218,313,314,315,218,218,218,218,218,218,218,218,218,218,218,218,218,218,218,313,314,315,313,314,315,283,218,218,218,218,218,218,218,218,218,218,218,218,218,218,218,218,218,218,218,218,218,218,218,342,343,344,218,218,218,218
47,28,28,28,28,28,28,28,28,28,47,28,28,28,28,28,28,28,28,28,47,171,28,99,28,28,28,28,99,28,47,28,234,28,28,47,28,28,28,28,47,11,11,11,11,11,11,11,11,11,47,28,28,28,28,28,28,28,28,28,47,28,28,28,28,28,28,28,28,28,47,28,28,28,28,28,28,28,28,28,47,28,28,28,28,28,28,28,28,28,47,28,28,28,28,28,28,28,28,47,47,218,218,313,314,315,218,218,218,218,218,218,218,218,218,218,218,218,218,218,218,218,218,218,218,218,218,218,218,218,218,218,218,218,218,218,218,218,218,218,218,218,218,218,218,345,346,347,218,218,218,218,218,218,218,218,218,218,218,218,218,218,218,345,346,347,345,346,347,283,218,218,218,218,218,218,218,218,218,218,218,218,218,218,218,218,218,218,218,218,218,218,218,374,375,376,218,218,218,218
47,28,28,28,28,28,28,28,28,28,47,28,28,28,28,28,28,28,28,28,47,203,28,171,168,168,168,168,171,28,47,28,28,28,363,47,363,28,28,234,47,11,28,28,28,28,28,28,28,11,47,28,28,28,28,28,28,28,28,28,47,28,28,28,28,28,28,28,28,28,47,28,28,28,28,28,28,28,28,28,47,28,28,28,28,28,28,28,28,28,47,28,28,28,28,28,28,28,28,47,47,218,218,345,346,347,218,218,218,218,218,218,218,218,218,218,218,218,218,218,218,218,218,218,218,218,218,218,218,218,218,218,218,218,218,218,218,218,218,218,218,218,218,218,218,377,378,379,218,218,218,218,218,218,218,218,218,218,218,218,218,218,218,377,378,379,377,378,379,283,218,218,218,218,218,218,310,311,312,218,218,218,218,218,218,218,218,218,218,218,218,218,218,218,218,218,218,218,218,218
47,28,28,28,28,28,28,28,28,28,111,46,142,46,142,46,142,46,142,46,109,28,28,203,200,200,200,200,203,28,47,28,28,302,303,47,302,303,28,28,47,11,28,28,28,28,28,28,28,11,47,28,28,28,28,28,28,28,28,28,47,28,28,28,28,28,28,28,28,28,47,28,28,28,28,28,28,28,28,28,47,28,28,28,28,28,28,28,28,28,47,28,28,28,28,28,28,28,28,47,47,218,218,377,378,379,218,218,218,218,218,218,218,218,218,218,218,218,218,218,218,218,218,218,218,218,218,218,218,218,218,218,218,218,218,218,218,218,218,218,218,218,218,218,218,218,218,218,218,218,218,218,218,218,218,218,218,218,218,218,218,218,218,218,218,218,218,218,218,218,218,218,218,218,218,218,342,343,344,218,218,218,218,218,218,218,218,218,218,218,218,218,218,218,218,218,218,218,218,218
47,28,28,28,28,28,28,28,28,28,47,28,47,28,47,28,47,28,47,28,47,171,28,28,168,70,71,168,28,28,47,28,234,334,335,47,334,335,234,28,47,11,28,28,28,28,28,28,28,11,47,28,28,28,28,28,28,28,28,28,47,684,685,686,687,688,689,690,691,692,47,28,28,28,28,28,28,28,28,28,47,684,685,686,687,688,689,690,691,692,47,28,28,28,28,28,28,28,28,47,47,218,218,218,218,218,218,218,218,218,218,218,218,218,218,218,218,218,218,218,313,314,315,313,314,218,218,218,218,218,218,218,218,218,218,218,218,218,218,218,218,218,218,218,218,218,218,218,218,218,218,218,218,218,218,218,218,218,218,218,218,218,218,218,218,218,218,218,218,218,218,218,218,218,218,218,374,375,376,218,218,218,218,218,218,218,310,311,312,218,218,218,218,218,218,218,218,218,218,218
47,28,28,28,28,28,28,28,28,28,47,28,47,28,47,28,47,28,47,28,47,203,28,28,200,102,103,200,28,28,111,46,46,46,46,110,46,46,46,46,109,11,28,28,28,28,28,28,28,11,47,28,28,28,28,28,28,28,28,28,47,716,717,718,719,720,721,722,723,724,47,524,525,526,527,528,529,28,28,28,47,716,717,718,719,720,721,722,723,724,47,28,28,28,28,28,28,28,28,47,47,218,218,218,218,218,218,218,218,218,218,218,218,218,218,218,218,218,218,218,345,346,347,345,346,218,218,218,218,218,218,218,218,218,218,218,218,218,218,218,218,218,218,218,218,218,218,218,218,218,218,218,218,218,218,218,218,218,218,218,218,218,218,218,218,218,218,218,218,218,218,218,218,218,218,218,218,218,218,218,218,218,218,218,218,218,342,343,344,218,218,218,218,218,218,218,218,218,218,218
47,28,28,28,28,28,28,28,28,28,47,28,47,28,47,28,47,28,47,28,47,28,28,171,168,168,168,168,171,28,47,28,28,302,303,47,302,303,28,28,47,11,28,28,28,28,28,28,28,11,47,28,28,28,28,28,28,28,28,28,47,748,749,750,751,752,753,754,755,756,47,556,557,558,559,560,561,28,28,28,47,748,749,750,751,752,753,754,755,756,47,28,28,28,28,28,28,28,28,47,47,218,218,218,218,218,218,218,218,218,218,218,218,218,218,218,218,218,218,218,377,378,379,377,378,218,218,218,218,218,218,218,218,218,218,218,218,218,218,218,218,218,218,218,218,218,218,310,311,312,218,218,218,218,218,218,218,218,218,218,218,218,218,218,218,218,218,218,218,218,218,218,218,218,218,218,218,218,218,218,218,218,218,218,218,218,374,375,376,218,218,218,218,218,218,218,218,218,218,218
47,28,28,28,28,28,28,28,28,28,47,28,47,28,47,28,47,28,47,28,47,28,28,203,200,200,200,200,203,28,47,28,28,334,335,47,334,335,28,28,47,68,69,28,28,28,28,28,68,69,47,28,28,28,28,28,28,28,28,28,47,780,781,782,783,784,785,786,787,788,47,588,589,590,591,592,593,28,28,28,47,780,781,782,783,784,785,786,787,788,47,28,28,28,28,28,28,28,28,47,47,218,218,218,218,218,218,218,310,311,312,218,218,218,218,218,218,218,218,218,313,314,315,313,314,218,218,218,218,218,218,218,218,218,218,218,218,218,218,218,218,218,218,218,218,218,218,342,343,344,218,218,218,218,218,218,218,310,311,312,218,218,218,218,218,218,218,218,218,218,218,218,218,218,218,218,218,218,218,218,218,218,218,218,218,218,218,218,218,218,218,218,313,314,315,313,314,315,313,218
47,170,28,28,28,28,28,28,28,28,47,238,47,238,47,238,47,238,47,238,47,171,28,99,13,13,13,13,99,28,47,28,234,28,363,47,234,363,28,28,47,100,101,28,28,28,28,28,100,101,47,28,28,28,28,28,28,28,28,28,47,812,813,814,815,816,817,818,819,820,47,620,621,622,623,624,625,28,28,28,47,812,813,814,815,816,817,818,819,820,47,28,28,28,28,28,28,28,170,47,47,218,218,218,218,218,218,218,342,343,344,218,218,218,218,218,218,218,218,218,345,346,347,345,346,218,218,218,218,218,218,218,218,218,218,218,218,218,218,218,218,218,218,218,218,218,218,374,375,376,218,218,218,218,218,218,218,342,343,344,218,218,218,218,218,218,218,218,218,218,218,218,218,218,218,218,218,218,218,218,218,218,218,218,218,218,218,218,218,218,218,218,345,346,347,345,346,347,345,218
47,202,28,28,28,28,28,28,28,28,47,270,47,270,47,270,47,270,47,270,47,203,28,28,28,28,28,28,28,28,47,28,28,28,28,47,28,28,28,28,47,32,199,32,199,32,199,32,199,32,47,28,28,28,28,28,28,28,28,28,47,844,845,846,847,848,849,850,851,852,47,652,653,654,655,656,657,28,28,28,47,844,845,846,847,848,849,850,851,852,47,28,28,28,28,28,28,28,202,47,47,218,218,218,218,218,218,218,374,375,376,218,218,218,218,218,218,218,218,218,218,218,218,218,218,218,218,218,218,218,218,218,218,218,218,218,218,218,218,218,218,218,218,218,218,218,218,218,218,218,218,218,218,218,218,218,218,374,375,376,218,218,218,218,218,218,218,218,218,218,218,218,218,218,218,218,218,218,218,218,218,218,218,218,218,218,218,218,218,218,218,218,377,378,379,377,378,379,377,218
111,46,46,46,46,46,46,46,46,46,110,46,78,46,78,46,78,46,78,46,110,46,46,46,46,46,46,46,46,46,110,46,46,46,46,78,46,46,46,46,110,46,46,46,46,46,46,46,46,46,110,46,46,46,46,46,46,46,46,46,110,46,46,46,46,46,46,46,46,46,110,46,46,46,46,46,46,46,46,46,110,46,46,46,46,46,46,46,46,46,110,46,46,46,46,46,46,46,46,109,47,218,218,218,218,218,218,218,218,218,218,218,218,218,218,218,218,218,218,218,218,218,218,218,218,218,218,218,218,218,218,218,218,218,218,218,218,218,218,218,218,218,218,218,218,218,218,218,218,218,218,218,218,218,218,218,218,218,218,218,218,218,218,218,218,218,218,218,218,218,218,218,218,218,218,218,218,218,218,218,218,218,218,218,218,218,218,218,218,218,218,218,313,314,315,313,314,315,313,218
47,28,28,28,28,28,28,28,28,28,47,28,28,28,28,28,28,28,512,512,47,28,28,28,28,47,28,28,28,28,47,28,28,28,28,28,28,28,28,28,47,11,11,11,11,11,11,11,11,11,47,28,28,28,28,47,28,28,28,28,47,28,28,28,28,28,28,28,28,28,47,28,28,28,28,28,28,28,28,28,47,28,28,28,28,28,28,28,28,28,47,28,28,28,28,28,28,28,28,47,47,218,218,218,218,218,218,218,218,218,218,218,218,218,218,218,218,218,218,218,218,218,218,218,218,218,218,218,218,218,218,218,313,314,315,218,218,218,218,218,218,218,218,218,218,218,218,218,218,218,218,218,218,218,218,218,218,218,218,218,218,218,218,218,218,218,218,218,218,218,218,218,218,218,218,218,218,218,310,311,312,218,218,218,218,218,218,218,218,218,218,218,345,346,347,345,346,347,345,218
47,28,28,28,28,28,28,28,28,28,47,28,28,28,28,28,28,28,512,512,110,46,46,46,46,109,28,28,28,28,111,28,28,28,28,28,28,28,28,28,47,11,28,28,28,28,28,28,28,11,110,46,46,46,46,109,28,28,28,28,111,28,28,28,28,28,28,28,28,28,47,28,28,28,28,28,28,28,28,28,47,28,28,28,28,28,28,28,28,28,47,28,28,28,28,28,28,28,28,47,47,218,218,218,218,218,218,218,218,218,218,218,218,218,218,218,218,218,218,218,218,218,218,218,218,218,218,218,218,218,218,218,345,346,347,218,218,218,218,218,218,218,218,218,218,218,218,218,218,218,218,218,218,218,218,218,218,218,218,218,218,218,218,218,218,218,218,218,218,218,218,218,218,218,218,218,218,218,342,343,344,218,218,218,218,218,218,218,218,218,218,218,377,378,379,377,378,379,377,218
47,28,28,28,28,28,28,28,28,28,47,28,28,28,28,28,28,28,28,28,47,28,28,28,28,47,28,28,28,28,47,28,28,28,28,28,28,28,28,28,47,11,28,28,28,28,28,28,28,11,47,28,28,28,28,47,28,28,28,28,47,28,28,28,28,28,28,28,28,28,47,28,28,28,28,28,28,28,28,28,47,28,28,28,28,28,28,28,28,28,47,28,28,28,28,28,28,28,28,47,47,218,218,218,218,218,218,218,218,218,218,218,218,218,218,218,218,218,218,218,218,218,218,218,218,218,218,218,218,218,218,218,377,378,379,218,218,218,218,218,218,218,218,218,218,218,218,218,218,218,218,218,218,218,218,218,218,218,218,218,218,218,218,218,218,310,311,312,218,218,218,218,218,218,218,218,218,218,374,375,376,218,218,218,218,218,218,218,218,218,218,218,313,314,315,313,314,315,313,218
47,28,28,28,28,28,28,28,28,28,47,28,28,28,28,28,28,28,28,28,109,28,28,28,28,47,28,28,28,28,111,28,28,28,28,28,28,28,28,28,47,11,28,28,28,28,28,28,28,11,109,28,28,28,28,47,28,28,28,28,111,28,28,28,28,28,28,28,28,28,47,28,28,678,679,680,681,682,683,28,47,28,28,28,28,28,28,28,28,28,47,28,28,28,28,28,28,28,28,47,47,218,218,218,218,218,218,218,218,218,218,218,218,218,218,313,314,315,218,218,218,218,218,218,218,218,218,218,218,218,218,218,218,218,218,218,218,218,218,218,218,313,314,315,218,218,218,218,218,218,218,218,218,218,218,218,218,218,218,218,218,218,218,218,218,342,343,344,218,218,218,218,218,218,218,218,218,218,218,218,218,218,218,218,218,218,218,218,218,218,218,218,218,218,218,218,218,218,218,218
47,28,28,28,28,28,28,28,28,28,47,28,28,28,28,28,28,28,28,28,47,28,28,28,28,141,79,28,28,28,47,28,28,28,28,28,28,28,28,28,47,11,28,28,28,28,28,28,28,11,47,28,28,28,28,141,79,28,28,28,47,28,28,28,28,28,28,28,28,28,47,28,28,710,711,712,713,714,715,28,47,28,28,28,28,28,28,28,28,28,47,28,28,28,28,28,28,28,28,47,47,218,218,218,218,218,218,218,218,218,218,218,218,218,218,345,346,347,218,218,218,218,218,218,218,218,218,218,218,218,218,218,218,218,218,218,218,218,218,218,218,345,346,347,218,218,218,218,218,218,218,218,218,218,218,218,218,218,218,218,218,218,218,218,218,374,375,376,218,218,218,218,218,218,218,218,218,218,218,218,218,218,218,218,218,218,218,218,218,218,218,218,218,218,218,218,218,218,218,218
47,28,28,28,28,28,28,28,28,28,47,28,28,28,28,28,28,28,28,28,109,28,28,28,28,28,47,28,28,28,111,28,28,28,28,28,28,28,28,28,47,11,28,28,28,28,4,28,28,11,109,28,28,28,28,28,47,28,28,28,111,28,28,28,28,28,28,28,28,28,47,28,7,7,743,744,745,746,7,7,47,28,28,28,28,28,28,28,28,28,47,28,28,28,28,28,28,28,28,47,47,218,218,218,218,218,218,218,218,218,218,218,218,218,218,377,378,379,218,218,218,218,218,218,218,218,218,218,218,218,218,218,218,218,218,218,218,218,218,218,218,377,378,379,218,218,218,218,218,218,218,218,218,218,218,218,218,218,218,218,218,218,218,218,218,218,218,218,218,218,218,218,218,218,218,218,218,218,218,218,218,218,218,218,218,218,218,218,218,218,218,218,218,218,218,218,218,218,218,218
47,28,28,28,28,28,28,28,28,28,47,28,28,28,28,28,28,28,28,28,47,28,28,28,28,28,141,46,46,46,47,28,28,28,28,28,28,28,28,28,47,11,28,28,68,69,36,28,28,11,47,28,28,28,28,28,141,46,46,46,47,28,28,28,28,28,28,28,28,28,47,28,7,774,775,776,777,778,779,7,47,28,28,28,28,28,28,28,28,28,47,28,28,28,28,28,28,28,28,47,47,218,218,218,218,218,218,218,218,218,218,218,218,218,218,218,218,218,218,218,218,218,218,218,218,218,218,218,218,218,218,218,218,218,218,218,218,218,218,218,218,218,218,218,218,218,218,218,218,218,218,218,218,218,218,218,218,218,218,218,218,218,218,218,218,218,218,218,218,218,218,218,218,218,218,218,218,218,218,218,218,218,218,218,218,218,218,218,310,311,312,218,218,218,218,218,218,218,218,218
47,28,28,28,28,28,28,28,28,28,47,28,28,28,28,28,28,28,28,28,109,28,28,28,28,28,28,28,28,28,111,28,28,28,230,231,28,28,28,28,47,11,28,169,100,101,169,28,28,11,109,28,28,28,28,28,28,28,28,28,111,28,28,28,28,28,28,28,28,28,47,28,7,806,807,808,809,810,811,7,47,28,28,28,28,28,28,28,28,28,47,28,28,28,28,28,28,28,28,47,47,218,218,218,218,218,218,218,218,218,218,218,218,218,218,218,218,218,218,218,310,311,312,218,218,218,218,218,218,218,218,218,218,218,218,218,218,218,218,218,218,218,218,218,218,218,218,218,218,218,218,218,218,218,218,218,218,218,218,218,218,218,218,218,218,218,218,218,218,218,218,218,310,311,312,218,218,218,218,218,218,218,218,218,218,218,218,218,342,343,344,218,218,218,218,218,218,218,218,218
47,28,28,28,28,28,28,28,28,28,47,28,28,28,28,28,28,28,28,28,47,28,28,28,28,28,28,28,28,28,47,28,28,28,262,263,28,28,28,28,47,11,11,201,66,66,201,11,11,11,47,28,28,28,28,28,28,28,28,28,47,28,28,28,28,28,28,28,28,28,47,28,7,838,839,840,841,842,843,7,47,28,28,28,28,28,28,28,28,28,47,28,28,28,28,28,28,28,28,47,47,218,218,218,218,313,314,315,218,218,218,218,218,218,218,218,218,218,218,218,342,343,344,218,218,218,218,218,218,218,218,218,218,218,218,218,218,218,218,218,218,218,218,218,218,218,218,218,218,218,218,218,218,218,218,310,311,312,218,218,218,218,218,218,218,218,218,218,218,218,218,218,342,343,344,218,218,218,218,218,218,218,218,218,218,218,218,218,374,375,376,218,218,218,218,218,218,218,218,218
111,46,46,46,46,46,46,46,46,46,110,46,46,46,46,46,46,46,46,46,110,46,46,46,46,46,46,46,46,46,110,46,46,46,46,46,46,46,46,46,110,46,46,46,46,46,46,46,46,46,110,46,46,46,46,46,46,46,46,46,110,46,46,46,46,46,46,46,46,46,110,46,46,46,46,46,46,46,46,46,110,46,46,46,46,46,46,46,46,46,110,46,46,46,46,46,46,46,46,109,47,218,218,218,218,345,346,347,218,218,218,218,218,218,218,218,218,218,218,218,374,375,376,218,218,218,218,218,218,218,218,218,218,218,310,311,312,218,218,218,218,218,218,218,218,218,218,218,218,218,218,218,218,218,218,342,343,344,218,218,218,218,218,218,218,218,218,218,218,218,218,218,374,375,376,218,218,218,218,218,218,218,218,218,218,218,218,218,218,218,218,218,218,218,218,218,218,218,218,218
47,28,28,28,28,28,28,28,28,28,47,28,28,28,28,28,28,28,28,28,47,28,28,28,28,28,28,28,28,28,47,28,28,28,28,28,28,28,28,28,47,28,28,28,28,28,28,28,28,28,47,28,28,28,28,28,28,28,28,28,47,28,28,28,28,28,28,28,28,28,47,28,28,28,28,28,28,28,28,28,47,28,28,28,28,28,28,28,28,28,47,28,28,28,28,28,28,28,28,47,47,218,218,218,218,377,378,379,218,218,218,218,218,218,218,218,218,218,218,218,218,218,218,218,218,218,218,218,218,218,218,218,218,218,342,343,344,218,218,218,218,218,218,218,218,218,218,218,218,218,218,218,218,218,218,374,375,376,218,218,218,218,218,218,218,218,218,218,218,218,218,218,218,218,218,218,218,218,218,218,218,218,218,218,218,218,218,218,218,218,218,218,218,218,218,218,218,218,218,218
47,28,28,28,28,28,28,28,28,28,47,28,28,28,28,28,28,28,28,28,47,28,28,28,28,28,28,28,28,28,47,28,28,28,28,28,28,28,28,28,47,28,28,28,28,28,28,28,28,28,47,28,28,28,28,28,28,28,28,28,47,28,28,28,28,28,28,28,28,28,111,46,46,46,46,46,46,46,46,46,110,46,46,46,46,46,46,46,46,46,109,28,28,28,28,28,28,28,28,47,47,218,218,218,218,218,218,218,218,218,218,218,310,311,312,218,218,218,218,218,218,218,218,218,218,218,218,218,218,218,218,218,218,218,374,375,376,218,218,218,218,218,218,218,218,218,218,218,218,218,218,218,218,218,218,218,218,218,218,218,218,218,218,218,218,218,218,218,218,218,218,218,218,218,218,218,218,218,218,218,218,218,218,218,218,218,218,218,218,218,218,218,218,218,218,218,218,218,218,218
47,28,28,28,28,28,28,28,28,28,47,28,28,28,28,28,28,28,28,28,47,28,28,28,28,28,28,28,28,28,47,28,28,28,28,28,28,28,28,28,47,28,28,28,28,28,28,28,28,28,111,46,142,46,142,46,142,46,142,46,109,28,28,28,28,28,28,28,28,28,47,28,28,28,28,28,28,28,28,28,47,28,28,28,28,28,28,28,28,28,47,28,28,28,28,28,28,28,28,47,47,218,218,218,218,218,218,218,218,218,218,218,342,343,344,218,218,218,218,218,218,218,218,218,218,218,218,218,218,218,218,218,218,218,218,218,218,218,218,218,218,218,218,218,218,218,218,218,218,218,218,218,218,218,218,218,218,218,218,218,218,218,218,218,218,218,218,218,218,218,218,218,218,218,218,218,218,218,218,218,218,218,218,218,218,218,218,218,218,218,218,218,218,218,218,218,218,218,218,218
47,28,28,28,28,28,28,28,28,28,47,28,28,28,28,28,28,28,28,28,47,684,685,686,687,688,689,690,691,692,47,28,28,28,28,28,28,28,28,28,47,28,28,28,28,28,28,28,28,28,47,28,47,28,47,28,47,28,47,28,47,28,28,28,28,28,28,28,28,28,111,46,46,46,46,46,46,46,46,46,110,46,46,46,46,46,46,46,46,46,109,28,28,28,28,28,28,28,28,47,47,218,218,218,218,218,218,218,218,218,218,218,374,375,376,218,218,218,218,218,218,218,218,218,218,218,218,218,218,218,218,218,218,218,218,218,218,218,218,218,218,218,218,218,218,218,218,218,218,218,218,218,218,218,218,218,218,218,218,218,218,218,218,218,218,218,218,218,218,218,218,218,218,218,218,218,218,218,218,218,218,218,218,218,218,218,218,218,218,218,218,218,218,218,218,218,218,218,218,218
47,28,28,28,28,28,28,28,28,28,47,28,28,28,294,295,28,28,28,28,47,716,717,718,719,720,721,722,723,724,47,28,28,28,28,28,28,28,28,28,47,28,28,28,28,28,28,28,28,28,47,28,47,28,47,28,47,28,47,28,47,28,28,28,28,28,28,28,28,28,47,28,28,28,28,28,28,28,28,28,47,28,28,28,28,28,28,28,28,28,47,28,28,28,28,28,28,28,28,47,47,218,218,218,218,218,218,218,218,218,218,218,218,218,218,218,218,218,218,218,218,218,218,218,218,218,218,218,218,218,218,218,218,218,218,218,218,218,218,218,218,218,218,218,218,218,218,218,218,218,218,218,218,218,218,218,218,218,218,218,218,218,218,218,218,218,218,218,218,218,218,218,218,218,218,218,218,218,218,218,313,314,315,218,218,218,218,218,218,218,218,218,218,218,218,218,218,218,218,218
47,28,28,28,28,28,28,28,28,28,47,28,28,28,326,327,28,28,28,28,47,748,749,750,751,752,753,754,755,756,47,28,28,28,28,28,28,28,28,28,47,28,28,28,28,28,28,28,28,28,47,28,47,28,47,28,47,28,47,28,47,28,28,28,28,28,28,28,28,28,111,46,46,46,46,46,46,46,46,46,110,46,46,46,46,46,46,46,46,46,109,28,28,28,28,28,28,28,28,47,47,218,218,218,218,218,218,218,218,218,218,218,218,218,218,218,218,218,218,218,218,218,218,218,218,218,218,218,218,218,218,218,218,218,218,218,218,313,314,315,218,218,218,218,218,218,218,218,218,218,218,218,218,218,218,218,218,218,218,218,218,218,218,310,311,312,218,218,218,218,218,218,218,218,310,311,312,218,218,218,345,346,347,218,218,218,218,218,218,218,218,218,218,218,310,311,312,218,218,218
47,28,28,28,28,28,28,28,28,28,111,46,46,46,78,78,46,46,46,46,109,780,781,782,783,784,785,786,787,788,47,28,28,28,28,28,28,28,28,28,47,28,28,28,28,28,28,28,28,28,47,28,47,28,47,28,47,28,47,28,47,28,28,28,28,28,28,28,28,28,47,28,28,28,28,28,28,28,28,28,47,28,28,28,28,28,28,28,28,28,47,28,28,28,28,28,28,28,28,47,47,218,218,218,218,218,218,218,218,218,218,218,218,218,218,218,218,218,218,218,218,218,218,218,218,218,218,218,218,218,218,218,218,218,218,218,218,345,346,347,218,218,218,218,218,218,218,218,218,218,218,218,218,218,218,218,218,218,218,218,218,218,218,342,343,344,218,218,218,218,218,218,218,218,342,343,344,218,218,218,377,378,379,218,218,218,218,218,218,218,218,218,218,218,342,343,344,218,218,218
47,290,291,28,28,28,28,28,28,28,47,28,28,28,28,28,28,28,28,28,47,812,813,814,815,816,817,818,819,820,47,28,28,28,28,28,28,28,28,28,47,28,28,28,28,28,28,28,28,28,47,238,47,238,47,238,47,238,47,238,47,28,28,28,28,28,28,28,28,28,111,46,46,46,46,46,46,46,46,46,110,46,46,46,46,46,46,46,46,46,109,28,28,28,28,28,28,28,28,47,47,218,218,218,218,218,218,218,218,218,218,218,218,218,218,218,218,218,218,218,218,218,218,218,218,218,218,218,218,218,218,218,218,218,218,218,218,377,378,379,218,218,218,218,218,218,218,218,218,218,218,218,218,218,218,218,218,218,218,218,218,218,218,374,375,376,218,218,218,218,218,218,218,218,374,375,376,218,218,218,218,218,218,218,218,218,218,218,218,218,218,218,218,218,374,375,376,218,218,218
47,322,323,28,28,28,28,28,28,28,47,28,28,28,28,28,28,28,28,28,47,844,845,846,847,848,849,850,851,852,47,28,28,28,28,28,28,28,28,28,47,28,28,28,28,28,28,28,28,28,47,270,47,270,47,270,47,270,47,270,47,28,28,28,28,28,28,28,28,28,47,28,28,28,28,28,28,28,28,28,47,28,28,28,28,28,28,28,28,28,47,28,28,28,28,28,28,28,28,47,47,218,218,218,218,218,218,218,218,218,218,218,218,218,218,218,218,218,218,218,218,218,218,218,218,218,218,218,218,218,218,218,218,218,218,218,218,218,218,218,218,218,218,218,218,218,218,218,218,218,218,218,218,218,218,218,218,218,218,218,218,218,218,218,218,218,218,218,218,218,218,218,218,218,218,218,218,218,218,218,218,218,218,218,218,218,218,218,218,218,218,218,218,218,218,218,218,218,218,218
110,46,46,46,46,78,46,46,46,46,110,46,46,46,46,142,46,46,46,46,110,46,46,46,46,46,46,46,46,46,110,46,46,46,46,46,46,46,46,46,110,46,46,46,46,142,46,46,46,46,110,46,78,46,78,46,78,46,78,46,110,46,46,46,46,46,46,46,46,46,110,46,46,46,46,46,46,46,46,46,110,46,46,46,46,46,46,46,46,46,110,46,46,46,46,46,46,46,46,109,47,218,218,218,218,218,218,218,218,218,218,218,218,218,218,218,218,218,218,218,218,218,218,218,218,218,218,218,218,218,218,218,218,218,218,218,218,218,218,218,218,218,310,311,312,218,218,218,218,218,218,218,218,218,218,218,218,218,218,218,218,218,218,218,218,218,218,218,218,218,218,218,218,218,218,218,218,218,218,218,218,218,218,218,218,218,218,218,218,218,218,218,218,218,218,218,218,218,218,218
47,108,108,108,108,108,108,108,108,108,47,28,28,28,28,47,28,28,28,28,47,28,28,28,28,28,28,28,28,28,47,28,28,28,28,28,28,28,28,28,47,28,28,28,28,47,28,28,28,28,47,28,28,28,28,28,28,28,28,28,47,28,28,28,28,28,28,28,28,28,47,28,28,28,28,47,28,28,28,28,47,28,28,28,28,28,28,28,28,28,47,28,28,28,28,28,28,28,28,47,47,218,218,218,218,218,310,311,312,218,218,218,218,218,218,218,218,218,218,218,218,218,218,218,218,218,218,218,218,310,311,312,218,218,218,218,218,218,218,218,218,218,342,343,344,218,218,218,218,218,310,311,312,218,218,218,218,218,218,218,218,218,218,218,218,218,218,218,218,218,218,218,218,218,218,218,218,218,218,218,218,218,218,218,218,218,218,218,218,218,218,218,218,218,218,218,218,218,218,218
47,140,140,140,140,140,140,140,140,140,47,28,28,28,28,47,28,28,28,28,47,28,28,28,28,28,28,28,28,28,47,28,28,28,28,28,28,28,28,28,47,28,28,28,28,47,28,28,28,28,47,28,28,28,28,28,28,28,28,28,111,46,46,46,46,46,46,46,46,46,110,46,46,46,46,109,28,28,28,28,111,46,46,46,46,46,46,46,46,46,109,28,28,28,28,28,28,28,28,47,47,218,218,218,218,218,342,343,344,218,218,218,218,218,218,218,218,218,218,218,218,218,218,218,218,218,218,218,218,342,343,344,218,218,218,218,218,218,218,218,218,218,374,375,376,218,218,218,218,218,342,343,344,218,218,218,218,218,218,218,218,218,218,218,218,218,218,218,218,218,218,218,218,218,218,218,218,218,218,218,218,218,218,218,218,218,218,218,218,218,218,218,218,218,218,218,218,218,218,218
111,78,78,78,78,78,78,78,78,78,109,28,28,28,28,47,28,28,28,28,47,28,28,28,28,28,28,28,28,28,47,28,28,28,28,28,28,28,28,28,47,28,28,28,28,47,28,28,28,28,47,28,28,28,28,28,28,28,28,28,47,28,28,28,28,28,28,28,28,28,47,28,28,28,28,47,28,28,28,28,47,28,28,28,28,28,28,28,28,28,47,28,28,28,28,28,28,28,28,47,47,218,218,218,218,218,374,375,376,218,218,218,218,218,218,218,218,218,218,218,218,218,218,218,218,218,218,218,218,374,375,376,218,218,218,218,218,218,218,218,218,218,218,218,218,218,218,218,218,218,374,375,376,218,218,218,218,218,218,218,218,218,218,218,218,218,218,218,218,218,218,218,218,218,218,218,218,218,218,218,218,218,218,218,218,218,218,218,218,218,218,218,218,218,218,218,218,218,218,218
47,108,108,108,108,108,108,108,108,108,47,28,28,28,28,47,28,28,28,28,47,28,28,28,28,28,28,28,28,28,47,28,28,28,28,28,28,28,28,28,47,28,28,28,28,47,28,28,28,28,47,28,28,28,28,28,28,28,28,28,111,46,46,46,46,46,46,46,46,46,109,28,28,28,28,47,28,28,28,28,111,46,46,46,46,46,46,46,46,46,109,28,28,28,28,28,28,28,28,47,47,218,218,218,218,218,218,218,218,218,218,218,218,218,218,218,218,218,218,313,314,315,218,218,218,218,218,218,218,218,218,218,218,218,218,218,218,218,218,218,218,218,218,218,218,218,218,218,218,218,218,218,218,218,218,218,218,218,218,310,311,312,310,311,312,218,218,218,218,218,218,218,218,218,218,218,218,218,218,218,218,218,218,218,218,218,218,218,218,218,218,218,218,218,218,218,218,218,218,218
47,140,140,140,140,140,140,140,140,140,47,46,46,46,46,110,46,46,46,46,109,28,28,28,28,28,28,28,28,28,47,28,28,28,28,28,28,28,28,28,111,46,46,46,46,110,46,46,46,46,109,28,28,28,28,28,28,28,28,28,47,28,28,28,28,28,28,28,28,28,47,28,28,28,28,141,79,28,28,28,47,28,28,28,28,28,28,28,28,28,47,28,28,28,28,28,28,28,28,47,47,218,218,218,218,218,218,218,218,218,313,314,315,283,218,218,218,218,218,345,346,347,218,218,218,218,218,218,218,218,218,218,218,218,218,218,218,218,218,218,218,218,218,218,218,218,218,218,218,218,218,218,218,218,218,218,218,218,218,342,343,344,342,343,344,218,218,218,218,218,218,218,218,218,218,218,218,218,218,310,311,312,218,218,218,218,218,218,218,218,218,218,218,218,218,218,218,218,218,218
111,78,78,78,78,78,78,78,78,78,109,28,28,28,28,47,28,28,28,28,47,28,28,28,28,28,28,28,28,28,47,28,28,28,28,28,28,28,28,28,47,28,28,28,28,47,28,28,28,28,47,28,28,28,28,28,28,28,28,28,111,46,46,46,46,46,46,46,46,46,109,28,28,28,28,28,47,28,28,28,111,46,46,46,46,46,46,46,46,46,109,28,28,28,28,28,28,28,28,47,47,218,218,218,218,218,218,218,218,218,345,346,347,283,218,218,218,218,218,377,378,379,218,218,218,218,218,218,218,218,218,218,218,218,218,218,218,218,218,218,218,218,218,218,218,218,218,218,218,218,218,218,218,218,218,218,218,218,218,374,375,376,374,375,376,218,218,218,218,218,218,218,218,218,218,218,218,218,218,342,343,344,218,218,218,218,218,218,218,218,218,218,218,218,218,218,218,218,218,218
47,28,28,28,28,28,28,28,28,28,47,28,28,28,28,47,28,28,28,28,47,28,28,28,28,28,28,28,28,28,47,28,28,28,28,28,28,28,28,28,47,28,28,28,28,47,28,28,28,28,47,28,28,28,28,28,28,28,28,28,47,28,28,28,28,28,28,28,28,28,47,28,28,28,28,28,141,46,46,46,47,28,28,28,28,28,28,28,28,28,47,28,28,28,28,28,28,28,28,47,47,218,218,218,218,218,218,218,218,218,377,378,379,283,218,218,218,218,218,218,218,218,218,218,218,218,218,218,218,218,218,218,218,218,218,218,218,218,218,218,218,218,218,218,218,218,218,218,218,218,218,218,218,218,218,218,218,218,218,310,311,312,310,311,312,218,218,218,218,218,218,218,218,218,218,218,218,218,218,374,375,376,218,218,218,218,218,218,218,218,218,218,218,218,218,218,218,218,218,218
47,108,108,108,108,108,108,108,108,108,47,28,28,28,28,47,28,28,28,28,47,28,28,28,28,28,28,28,28,28,47,28,28,28,28,28,28,28,28,28,47,28,28,28,28,47,28,28,28,28,47,28,28,28,28,28,28,28,28,28,111,46,46,46,46,46,46,46,46,46,109,28,28,28,28,28,28,28,28,28,111,46,46,46,46,46,46,46,46,46,109,28,28,28,28,28,28,28,28,47,47,218,218,218,218,218,218,218,218,218,283,283,283,283,218,218,218,218,218,218,218,218,218,218,218,218,218,218,218,218,218,218,218,218,218,218,218,218,218,218,218,218,218,218,218,218,218,218,218,218,218,218,218,218,218,218,218,218,218,342,343,344,342,343,344,218,218,218,218,218,218,218,218,218,218,218,218,218,218,218,218,218,218,218,218,218,218,218,218,218,218,218,218,218,218,218,218,218,218,218
47,140,140,140,140,140,140,140,140,140,47,28,28,28,28,47,28,28,28,28,47,28,28,28,28,28,28,28,28,28,47,28,28,28,28,28,28,28,28,28,47,28,28,28,28,47,28,28,28,28,47,28,28,28,28,28,28,28,28,28,47,28,28,28,28,28,28,28,28,28,47,28,28,28,28,28,28,28,28,28,47,28,28,28,28,28,28,28,28,28,47,28,28,28,28,28,28,28,28,47,47,218,218,218,218,218,218,218,218,218,218,218,218,218,218,218,218,218,218,218,218,218,218,218,218,218,218,218,218,218,218,218,218,218,218,218,218,218,218,218,218,218,218,218,218,218,218,218,218,218,218,218,218,218,218,218,218,218,218,374,375,376,374,375,376,218,218,218,218,218,218,218,218,218,218,218,218,218,218,218,218,218,218,218,218,218,218,218,218,218,218,218,218,218,218,218,218,218,218,218
110,78,78,78,78,78,78,78,78,78,110,46,46,46,46,78,46,46,46,46,110,46,46,46,46,46,46,46,46,46,110,46,46,46,46,46,46,46,46,46,110,46,46,46,46,78,46,46,46,46,110,46,46,46,46,46,46,46,46,46,110,46,46,46,46,46,46,46,46,46,110,46,46,46,46,46,46,46,46,46,110,46,46,46,46,46,46,46,46,46,110,46,46,46,46,46,46,46,46,109,47,218,218,218,218,218,218,218,218,218,218,218,218,218,218,218,218,218,218,218,218,218,218,218,218,218,218,218,218,218,218,218,218,218,218,218,218,218,218,218,218,218,218,218,218,218,218,218,218,218,218,218,218,218,218,218,218,218,218,218,218,218,218,218,218,218,218,218,218,218,218,218,218,218,218,218,218,218,218,218,218,218,218,218,218,218,218,313,314,315,283,283,218,218,218,218,218,218,218,218
47,28,28,28,28,28,28,28,28,28,47,28,28,28,28,28,28,28,28,28,47,450,451,451,451,451,450,451,450,451,47,452,453,28,28,28,28,28,28,28,47,28,28,28,28,28,28,28,28,28,47,28,28,28,28,28,28,28,28,28,47,28,28,28,28,28,28,28,28,28,47,28,28,28,28,28,28,28,28,28,47,28,28,28,28,28,28,28,28,28,47,28,28,28,28,28,28,28,28,47,47,218,218,218,218,218,218,218,218,218,218,218,218,218,218,218,218,218,218,218,218,218,218,218,218,218,218,310,311,312,218,218,218,218,218,218,218,218,218,218,218,218,218,218,218,218,218,218,218,218,218,218,218,218,218,218,218,218,218,218,218,218,218,218,218,218,218,218,218,218,218,218,218,218,218,218,218,218,218,218,218,218,218,218,218,218,218,345,346,347,283,283,218,218,218,310,311,312,218,218
47,28,28,28,28,28,28,28,28,28,47,28,28,28,28,28,28,28,28,28,47,482,483,483,483,483,482,483,482,483,47,484,485,28,28,28,28,28,28,28,47,28,28,28,28,28,28,28,28,28,47,28,28,28,28,28,28,28,28,28,47,28,28,28,28,28,28,28,28,28,47,28,28,28,28,28,28,28,28,28,47,28,28,28,28,28,28,28,28,28,47,28,28,28,28,28,28,28,28,47,47,218,218,218,310,311,312,218,218,218,218,218,218,218,218,218,218,218,218,218,218,218,218,218,218,218,218,342,343,344,218,218,218,218,218,218,218,218,218,218,218,218,218,218,218,218,218,218,218,218,218,218,218,218,218,218,218,218,218,218,218,218,218,218,218,218,218,218,218,218,218,218,218,218,218,218,218,218,218,218,218,218,218,218,218,218,218,377,378,379,283,283,218,218,218,342,343,344,218,218
47,28,28,28,28,28,28,28,28,28,47,28,28,28,28,28,28,28,28,28,47,450,450,450,450,450,451,450,450,451,47,452,453,28,28,28,28,28,28,28,47,28,28,28,28,28,28,28,28,28,47,28,28,28,28,28,28,28,28,28,47,28,28,28,28,28,28,28,28,28,47,28,28,28,28,28,28,28,28,28,47,28,28,28,28,28,28,28,28,28,47,28,28,28,28,28,28,28,28,47,47,218,218,218,342,343,344,218,218,218,218,218,218,218,218,218,218,218,218,218,218,218,218,218,218,218,218,374,375,376,218,218,218,218,218,218,218,218,218,310,311,312,218,218,218,218,218,218,218,218,218,218,218,218,218,218,218,218,218,218,218,218,218,218,218,218,218,218,218,218,218,218,218,218,218,218,218,310,311,312,218,218,218,218,218,218,218,283,283,283,283,283,218,218,218,374,375,376,218,218
47,28,28,28,28,28,28,28,28,28,47,28,28,28,28,28,28,28,28,28,47,482,482,482,482,482,483,482,482,483,47,484,485,28,28,28,28,28,28,28,47,28,28,28,28,28,28,28,28,28,47,28,28,28,28,28,28,28,28,28,47,28,28,28,28,28,28,28,28,28,47,28,28,28,28,28,28,28,28,28,47,28,28,28,28,28,28,28,28,28,47,28,28,28,28,28,28,28,28,47,47,218,218,218,374,375,376,218,218,218,218,218,218,218,218,218,218,218,218,218,218,218,218,218,218,218,218,218,218,218,218,218,218,218,218,218,218,218,218,342,343,344,218,218,218,218,218,218,218,218,218,218,218,310,311,312,218,218,218,218,218,218,218,218,218,218,218,218,218,218,218,218,218,218,218,218,218,342,343,344,218,218,218,218,218,218,218,283,283,283,283,283,218,218,218,218,218,218,218,218
47,28,28,28,28,28,28,28,28,28,47,28,28,28,28,28,28,28,28,28,47,450,451,450,451,450,451,450,450,451,47,452,453,454,455,454,455,454,455,28,47,28,28,28,28,28,28,28,28,28,47,28,28,28,28,28,28,28,28,28,47,28,28,28,28,28,28,28,28,28,47,28,28,28,28,28,28,28,28,28,47,28,28,28,28,28,28,28,28,28,47,28,28,28,28,28,28,28,28,47,47,218,218,218,218,218,218,218,218,218,218,218,218,218,218,218,218,218,310,311,312,218,218,218,218,218,218,218,218,218,218,218,218,218,218,218,218,218,218,374,375,376,218,218,218,218,218,218,218,218,218,218,218,342,343,344,218,218,218,218,218,218,218,218,218,218,218,218,218,310,311,312,218,218,218,218,218,374,375,376,218,218,218,218,218,218,218,218,218,218,218,218,218,218,218,218,218,218,218,218
47,28,28,28,28,28,28,28,28,28,47,28,28,28,28,28,28,28,28,28,47,482,483,482,483,482,483,482,482,483,47,484,485,486,487,486,487,486,487,28,47,28,28,28,28,28,28,28,28,28,47,28,28,28,28,28,28,28,28,28,47,28,28,28,28,28,28,28,28,28,47,28,28,28,28,28,28,28,28,28,47,28,28,28,28,28,28,28,28,28,47,28,28,28,28,28,28,28,28,47,47,218,218,218,218,218,218,218,218,218,218,218,218,218,218,218,218,218,342,343,344,218,218,218,218,218,218,218,218,218,218,218,218,218,218,218,218,218,218,218,218,218,218,218,218,218,218,218,218,218,218,218,218,374,375,376,218,218,218,218,218,218,218,218,218,218,218,218,218,342,343,344,218,218,218,218,218,218,218,218,218,218,218,218,218,218,218,218,218,218,218,218,218,218,218,218,218,218,218,218
47,170,28,28,28,28,28,28,28,28,47,28,28,28,28,28,28,28,449,449,47,450,451,450,450,450,451,450,450,451,47,452,453,449,449,449,449,449,449,449,47,28,28,28,28,28,28,28,28,28,47,28,28,28,28,28,28,28,28,28,47,28,28,28,28,28,28,28,28,28,47,28,28,28,28,28,28,28,28,28,47,28,28,28,28,28,28,28,28,28,47,28,28,28,28,28,28,28,170,47,47,218,218,218,218,218,218,218,218,218,218,218,218,218,218,218,218,218,374,375,376,218,218,218,218,218,218,218,218,218,218,218,218,218,218,218,218,218,218,218,218,218,218,218,218,218,218,218,218,218,218,218,218,218,218,218,218,218,218,218,218,218,218,218,218,218,218,218,218,374,375,376,218,218,218,218,218,218,218,218,218,218,218,218,218,218,218,218,218,218,218,218,218,218,218,218,218,218,218,218
47,202,28,28,28,28,28,28,28,28,47,28,28,28,28,28,28,28,481,481,47,482,483,482,482,482,483,482,482,483,47,484,485,481,481,481,481,481,481,481,47,28,28,28,28,28,28,28,28,28,47,28,28,28,28,28,28,28,28,28,47,28,28,28,28,28,28,28,28,28,47,28,28,28,28,28,28,28,28,28,47,28,28,28,28,28,28,28,28,28,47,28,28,28,28,28,28,28,202,47,47,218,218,218,218,218,218,218,218,218,218,218,218,218,218,218,218,218,218,218,218,218,218,218,218,218,218,218,218,218,218,218,218,218,218,218,218,218,218,218,218,218,218,218,218,218,218,218,218,218,218,218,218,218,218,218,218,218,218,218,218,218,218,218,218,218,218,218,218,218,218,218,218,218,218,218,218,218,218,218,218,218,218,218,218,218,218,218,218,218,218,218,218,218,218,218,218,218,218,218
78,46,46,46,46,46,46,46,46,46,78,46,46,46,46,46,46,46,46,46,78,46,46,46,46,46,46,46,46,46,78,46,46,46,46,46,46,46,46,46,78,46,46,46,46,46,46,46,46,46,78,46,46,46,46,46,46,46,46,46,78,46,46,46,46,46,46,46,46,46,78,46,46,46,46,46,46,46,46,46,78,46,46,46,46,46,46,46,46,46,78,46,46,46,46,46,46,46,46,110,110,46,46,46,46,46,46,46,46,46,46,46,46,46,46,46,46,46,46,46,46,46,46,46,46,46,46,46,46,46,46,46,46,46,46,46,46,46,46,46,46,46,46,46,46,46,46,46,46,46,46,46,46,46,46,46,46,46,46,46,46,46,46,46,46,46,46,46,46,46,46,46,46,46,46,46,46,46,46,46,46,46,46,46,46,46,46,46,46,46,46,46,46,46,46,46,46,46,46,46
46,46,46,46,46,46,46,46,46,46,46,46,46,46,46,46,46,46,46,46,46,46,46,46,46,46,46,46,46,46,46,46,46,46,46,46,46,46,46,46,46,46,46,46,46,46,46,46,46,46,46,46,46,46,46,46,46,46,46,46,46,46,46,46,46,46,46,46,46,46,46,46,46,46,46,46,46,46,46,46,46,46,46,46,46,46,46,46,46,46,46,46,46,46,46,46,46,46,46,110,110,46,46,46,46,46,46,46,46,46,46,46,46,46,46,46,46,46,46,46,46,46,46,46,46,46,46,46,46,46,46,46,46,46,46,46,46,46,46,46,46,46,46,46,46,46,46,46,46,46,46,46,46,46,46,46,46,46,46,46,46,46,46,46,46,46,46,46,46,46,46,46,46,46,46,46,46,46,46,46,46,46,46,46,46,46,46,46,46,46,46,46,46,46,46,46,46,46,46,46
456,424,424,424,424,424,424,424,424,424,424,424,424,424,424,424,424,424,424,424,424,424,424,424,424,424,424,424,424,424,424,424,424,424,424,424,424,424,424,424,424,424,424,424,424,424,424,424,424,424,424,424,424,424,424,424,424,424,424,424,424,424,424,424,424,424,424,424,424,424,424,424,424,424,424,424,424,424,424,424,424,424,424,424,424,424,424,424,424,424,424,424,424,424,424,424,424,424,457,47,47,54,55,55,55,55,55,55,55,55,55,55,55,55,55,55,55,55,55,55,55,55,55,55,55,55,55,55,55,55,55,55,55,55,55,55,55,55,55,55,55,55,55,55,55,55,55,55,55,55,55,55,55,55,55,55,55,55,55,55,55,55,55,55,55,55,55,55,55,55,55,55,55,55,55,55,55,55,55,55,55,55,55,55,55,55,55,55,55,55,55,55,55,55,55,55,55,55,55,56
425,28,28,28,28,28,28,28,28,28,28,28,28,28,28,28,28,28,28,28,28,28,28,28,28,28,28,28,28,28,28,28,28,28,28,28,28,28,28,28,28,28,28,28,28,28,28,28,28,28,28,28,28,28,28,28,28,28,28,28,28,28,28,28,28,28,28,28,28,28,28,28,28,28,28,28,28,28,28,28,28,28,28,28,28,28,28,28,28,28,28,28,28,28,28,28,28,28,425,47,47,86,87,87,87,87,406,406,406,406,406,406,406,406,406,406,406,406,406,406,406,406,406,406,406,406,406,406,406,406,406,406,406,406,406,406,406,406,406,406,406,406,406,406,406,406,406,406,406,406,406,406,406,406,406,406,406,406,406,406,406,406,406,406,406,406,406,406,406,406,406,406,406,406,406,406,406,406,406,406,406,406,406,406,406,406,406,406,406,406,406,406,406,406,406,406,406,406,406,88
425,28,28,28,28,28,28,28,28,28,28,28,28,28,28,28,28,28,28,28,28,28,28,28,28,28,28,28,28,28,28,28,28,28,28,28,28,28,28,28,28,28,28,28,28,28,28,28,28,28,28,28,28,28,28,28,28,28,28,28,28,28,28,28,28,28,28,28,28,28,28,28,28,28,28,28,28,28,28,28,28,28,28,28,28,28,28,28,28,28,28,28,28,28,28,28,28,28,425,47,47,86,87,87,87,87,406,406,406,406,406,406,406,406,406,406,406,406,406,406,406,406,406,406,406,406,406,406,406,406,406,406,406,406,406,406,406,406,406,406,406,406,406,406,406,406,406,406,406,406,406,406,406,406,406,406,406,406,406,406,406,406,406,406,406,406,406,406,406,406,406,406,406,406,406,406,406,406,406,406,406,406,406,406,406,406,406,406,406,406,406,406,406,406,406,406,406,406,406,88
425,28,28,28,28,28,28,28,28,28,28,28,28,28,28,28,28,28,28,28,28,28,28,28,28,28,28,28,28,28,28,28,28,28,28,28,28,28,28,28,28,28,28,28,28,28,28,28,28,28,28,28,28,28,28,28,28,28,28,28,28,28,28,28,28,28,28,28,28,28,28,28,28,300,301,28,28,28,28,28,28,28,28,28,28,28,28,28,28,28,28,28,28,28,28,28,28,28,425,47,47,86,406,406,87,87,406,406,406,406,406,406,406,406,406,406,406,87,87,87,87,87,406,406,406,87,87,87,87,87,87,87,87,87,87,87,87,87,406,406,406,406,406,406,406,406,406,406,406,406,406,406,406,406,406,406,406,406,406,406,406,406,406,406,406,406,406,406,406,406,87,87,87,87,87,87,87,87,87,87,87,87,87,406,406,406,406,406,406,406,406,406,406,406,406,406,406,406,406,88
297,28,28,28,28,28,28,28,28,28,28,28,28,28,28,28,28,28,28,28,28,28,28,28,28,28,28,28,28,28,28,28,28,28,28,28,28,28,28,28,28,28,28,28,28,28,28,28,28,28,28,28,28,28,28,28,28,28,28,28,28,28,28,28,28,28,28,28,28,28,28,28,28,332,333,28,28,28,28,28,28,28,28,28,28,28,28,28,28,28,28,28,28,300,301,28,28,28,425,47,47,86,406,406,87,87,406,406,406,406,406,406,406,406,406,406,406,87,87,87,87,87,406,406,406,87,87,87,87,87,87,87,87,87,87,87,87,87,406,406,406,406,406,406,406,406,406,406,406,406,406,406,406,406,406,406,406,406,406,406,406,406,406,406,406,406,406,406,406,406,87,87,87,87,87,87,87,87,87,87,87,87,87,406,406,406,406,406,406,406,406,406,406,406,406,406,406,406,406,88
425,28,28,28,28,28,28,28,28,28,28,28,28,28,28,28,28,28,28,28,28,28,28,28,28,28,28,28,28,28,28,28,28,28,28,28,28,28,28,28,28,28,28,28,28,28,28,28,28,28,28,28,28,28,28,28,28,28,28,28,28,28,28,28,28,28,28,28,28,28,28,28,28,28,28,28,28,28,28,28,28,28,28,28,28,28,28,28,28,28,28,28,28,332,333,28,28,28,425,47,47,86,406,406,87,87,406,406,406,406,406,406,406,406,406,406,406,406,406,406,87,87,406,406,406,406,406,406,406,406,406,406,406,406,406,406,87,87,87,87,87,87,87,87,87,87,87,87,87,87,87,87,87,87,87,87,87,87,87,87,87,87,406,406,406,406,406,406,406,406,87,87,406,406,406,406,406,406,406,406,406,406,406,406,406,406,406,406,406,406,406,406,406,406,406,406,406,406,406,88
425,28,28,28,28,28,28,28,28,28,28,28,28,28,28,28,28,28,28,28,28,28,28,28,28,28,28,28,28,28,28,28,28,28,28,28,28,28,28,28,28,28,28,28,28,28,28,28,28,28,28,302,303,28,28,28,28,28,28,28,28,28,28,28,28,28,28,28,28,28,28,28,28,28,28,28,28,28,28,28,28,28,28,28,28,28,28,28,28,28,28,28,28,28,28,28,28,28,425,47,47,86,406,406,87,87,406,406,406,406,406,406,406,406,406,406,406,406,406,406,87,87,406,406,406,406,406,406,406,87,87,406,406,406,406,406,87,87,87,87,87,87,87,87,87,87,87,87,87,87,87,87,87,87,87,87,87,87,87,87,87,87,406,406,406,406,406,406,406,406,87,87,406,406,406,406,406,406,406,406,406,406,406,406,406,406,406,406,406,406,406,406,406,406,406,406,406,406,406,88
425,28,28,28,28,28,28,28,28,28,28,28,28,28,28,28,28,28,28,28,28,28,28,28,28,28,28,28,28,28,28,28,28,28,28,28,28,28,28,28,28,28,28,28,28,28,28,28,28,28,28,334,335,28,28,28,28,28,28,28,28,28,28,28,28,28,28,28,28,28,28,28,28,28,28,28,28,28,28,28,28,28,28,28,28,28,28,28,28,28,28,28,28,28,28,28,28,28,425,47,47,86,406,406,87,87,87,87,87,87,87,87,87,406,406,406,406,406,406,406,87,87,406,406,406,406,406,406,406,87,87,406,406,406,406,406,87,87,406,406,406,406,406,406,406,406,406,406,406,406,406,406,406,406,406,406,406,406,406,406,87,87,87,87,87,87,87,87,87,87,87,87,87,87,87,87,87,87,87,87,87,87,87,87,87,87,87,87,87,87,87,87,406,406,406,406,406,406,406,88
425,28,28,28,28,28,28,28,28,28,28,28,28,28,28,28,28,28,28,28,28,28,28,28,28,28,237,237,237,237,237,237,237,237,28,28,28,28,28,28,28,28,28,28,28,28,28,28,28,28,28,28,28,28,28,28,28,28,28,28,28,28,28,28,28,28,28,28,28,28,28,28,28,28,28,28,28,28,28,28,28,28,28,28,28,28,28,28,28,28,28,28,28,28,28,28,28,28,425,47,47,86,406,406,87,87,87,87,87,87,87,87,87,87,87,406,406,406,406,406,87,87,406,406,406,406,406,406,406,87,87,406,406,406,406,406,87,87,406,406,406,406,406,406,406,406,406,406,406,406,406,406,406,406,406,406,406,406,406,406,87,87,87,87,87,87,87,87,87,87,87,87,87,87,87,87,87,87,87,87,87,87,87,87,87,87,87,87,87,87,87,87,406,406,406,406,406,406,406,88
425,28,28,28,28,28,28,28,28,28,28,28,28,28,28,28,28,28,300,301,28,28,28,28,28,28,269,269,269,269,269,269,269,269,28,28,28,28,28,28,28,28,28,28,28,28,28,28,28,28,28,28,28,28,28,28,28,28,28,28,28,28,28,28,28,28,28,28,28,28,28,28,28,28,28,28,28,28,28,28,28,28,28,28,28,28,28,28,28,28,302,303,28,28,28,28,28,28,425,47,47,86,406,406,406,406,406,406,406,406,406,87,87,87,87,406,406,406,406,406,87,87,406,406,406,406,406,406,406,87,87,406,406,406,406,406,87,87,406,406,406,406,406,406,406,406,406,406,406,406,406,406,406,406,406,406,406,406,406,406,87,87,406,406,406,406,406,406,406,406,406,406,406,406,406,406,406,406,87,87,406,406,406,406,406,406,406,406,406,406,406,406,406,406,406,406,406,406,406,88
425,28,28,28,28,28,28,28,28,302,303,28,28,28,28,28,28,28,332,333,28,28,28,28,28,28,28,28,28,28,28,28,28,28,28,28,28,28,28,28,28,28,28,28,28,28,28,28,28,28,28,28,28,28,28,28,28,28,28,28,28,28,28,28,28,28,28,28,28,28,28,28,28,28,28,28,28,28,28,28,28,28,28,28,28,28,28,28,28,28,334,335,28,28,28,28,28,28,425,47,47,86,406,406,406,406,406,406,406,406,406,87,87,406,406,406,406,406,406,406,87,87,406,406,406,406,406,406,406,87,87,406,406,406,406,406,87,87,406,406,406,406,406,406,406,406,406,406,406,406,406,406,406,406,406,406,406,406,406,406,87,87,406,406,406,406,406,406,406,406,406,406,406,406,406,406,406,406,87,87,406,406,406,406,406,406,406,406,406,406,406,406,406,406,406,406,406,406,406,88
425,28,28,28,28,28,28,28,28,334,335,28,28,28,28,28,28,28,28,28,28,28,28,28,28,28,28,28,28,28,28,28,28,28,28,28,28,28,28,28,28,28,28,28,28,28,28,28,28,28,28,28,28,28,28,28,28,28,28,28,28,28,28,28,28,28,28,28,28,28,28,28,28,28,28,28,28,28,28,28,28,28,28,28,28,28,28,28,28,28,28,28,28,28,28,28,28,28,425,47,47,86,406,406,406,406,406,406,406,406,406,87,87,406,406,406,406,406,406,406,87,87,406,406,406,406,406,406,406,87,87,406,406,406,406,406,87,87,406,406,406,406,406,406,406,406,406,406,406,406,406,406,406,406,406,406,406,406,406,406,87,87,406,406,406,406,406,406,406,406,406,406,406,406,406,406,406,406,87,87,406,406,406,406,406,406,406,406,406,406,406,406,406,406,406,406,406,406,406,88
425,28,28,28,28,28,28,28,28,28,28,28,28,28,28,28,28,28,28,28,28,28,28,28,28,28,28,28,28,28,28,28,28,28,28,28,28,28,28,28,28,28,28,28,28,28,28,28,28,28,28,28,28,28,28,28,28,28,28,28,28,302,303,28,28,28,28,28,28,28,28,28,28,300,301,28,28,28,28,28,28,28,28,28,28,28,28,28,28,28,28,28,28,28,28,28,28,28,425,47,47,86,406,406,406,406,406,406,406,406,406,87,87,406,406,406,406,406,406,406,87,87,406,406,406,406,406,406,406,87,87,406,406,406,406,406,87,87,406,406,406,406,406,406,406,406,406,406,406,406,406,406,406,406,406,406,406,406,406,406,87,87,406,406,406,406,406,406,406,406,406,406,406,406,406,406,406,406,87,87,406,406,406,406,406,406,406,406,406,406,406,406,406,406,406,406,406,406,406,88
425,28,28,28,28,28,28,28,28,28,28,28,28,28,28,28,28,28,28,28,28,28,28,28,28,28,28,28,28,28,28,28,28,28,28,28,28,28,28,28,28,28,28,28,28,28,28,28,28,28,28,28,28,28,28,28,28,28,28,28,28,334,335,28,28,28,28,28,28,28,28,28,28,332,333,28,28,28,28,28,28,28,28,28,28,28,28,28,28,28,28,28,28,28,28,28,28,28,425,47,47,86,406,406,406,406,406,406,406,406,406,87,87,406,406,406,406,406,406,406,87,87,406,406,406,406,406,406,406,87,87,406,406,406,406,406,87,87,406,406,406,406,406,406,406,406,406,406,406,406,406,406,406,406,406,406,406,406,406,406,87,87,406,406,406,406,406,406,406,406,406,406,406,406,406,406,406,406,87,87,406,406,406,406,406,406,406,406,406,406,406,406,406,406,406,406,406,406,406,88
425,28,28,28,28,28,28,28,28,28,28,28,28,28,28,28,28,28,28,28,28,28,28,28,28,28,28,28,28,28,28,28,28,28,28,28,28,28,28,28,28,28,28,28,28,28,28,28,28,28,28,28,300,301,28,28,28,28,28,28,28,28,28,28,28,28,28,28,28,28,28,28,28,302,303,28,28,28,28,28,28,28,28,28,28,28,28,28,300,301,28,28,28,28,28,28,28,28,361,47,47,86,406,406,406,406,406,406,406,406,406,87,87,87,87,87,87,87,87,87,87,87,87,87,87,87,87,87,87,87,87,87,87,87,87,87,87,87,406,406,406,406,406,406,406,406,406,406,406,406,406,406,406,406,406,406,406,406,406,406,87,87,406,406,406,406,406,406,406,406,406,406,406,406,406,406,406,406,87,87,406,406,406,406,406,406,406,406,406,406,406,406,406,406,406,406,406,406,406,88
425,28,28,28,28,28,28,28,28,28,28,28,28,28,28,28,28,28,28,28,28,28,28,28,28,28,28,28,28,28,28,28,28,28,28,28,28,28,28,28,28,28,28,302,303,28,28,28,28,28,28,28,332,333,28,28,28,28,28,28,28,28,28,28,28,28,28,28,28,28,28,28,28,334,335,28,28,28,28,28,28,28,28,28,28,28,28,28,332,333,28,28,28,28,28,28,28,28,393,47,47,86,406,406,406,406,406,406,406,406,406,87,87,87,87,87,87,87,87,87,87,87,87,87,87,87,87,87,87,87,87,87,87,87,87,87,87,87,406,406,406,406,406,406,406,406,406,406,406,406,406,406,406,406,406,406,406,406,406,406,87,87,406,406,406,406,406,406,406,406,406,406,406,406,406,406,406,406,87,87,406,406,406,406,406,406,406,406,406,406,406,406,406,406,406,406,406,406,406,88
425,28,28,28,28,28,28,28,28,28,28,28,28,28,28,28,28,28,28,28,28,28,28,28,28,28,28,28,28,28,28,28,300,301,28,28,28,28,28,28,28,28,28,334,335,28,28,28,28,28,28,28,28,28,28,28,28,28,28,28,28,28,28,28,28,28,28,28,28,28,28,28,28,28,28,28,28,28,28,28,28,28,28,28,28,28,28,28,28,28,28,28,28,28,28,28,28,28,425,47,47,86,406,406,406,406,406,406,406,406,406,87,87,406,406,406,406,406,406,406,406,406,406,406,406,406,406,406,406,87,87,406,406,87,87,406,406,406,406,406,406,406,406,406,406,406,406,406,406,406,406,406,406,406,406,406,406,406,406,406,87,87,406,406,406,406,406,406,406,406,406,406,406,406,406,406,406,406,87,87,406,406,406,406,406,406,406,406,406,406,406,406,406,406,406,406,406,406,406,88
425,28,28,28,28,28,28,28,28,28,28,28,28,28,28,28,28,28,28,28,28,28,28,28,28,28,28,28,28,28,28,28,332,333,28,28,28,28,28,28,28,28,28,28,28,28,28,28,28,28,28,28,28,28,28,28,28,28,28,28,28,28,28,28,28,28,28,28,28,28,28,28,28,28,28,28,28,28,28,28,28,28,28,28,28,28,28,28,28,28,28,28,28,28,28,28,28,28,425,47,47,86,406,406,406,406,406,406,406,406,406,87,87,406,406,406,406,406,406,406,406,406,406,406,406,406,406,406,406,87,87,406,406,87,87,406,406,406,406,406,406,406,406,406,87,87,87,87,87,87,87,87,87,87,87,87,87,87,87,87,87,87,406,406,406,406,406,406,406,406,406,406,406,406,406,406,406,406,87,87,406,406,406,406,406,406,406,406,406,406,406,406,406,406,406,406,406,406,406,88
425,28,28,28,28,28,28,28,28,28,28,28,28,28,28,28,28,28,28,28,28,28,28,28,28,28,28,28,28,28,28,28,28,28,28,28,28,28,28,28,28,28,28,28,28,28,28,28,28,28,28,28,28,28,28,28,28,28,28,28,28,28,28,28,28,28,28,28,28,28,28,28,28,28,28,28,28,28,28,28,28,28,28,28,28,28,28,28,28,28,28,28,28,28,28,28,28,28,425,47,47,86,406,406,406,406,406,406,406,406,406,87,87,406,406,406,406,406,406,406,406,406,406,87,87,87,87,87,87,87,87,406,406,87,87,406,406,406,406,406,406,406,406,406,87,87,87,87,87,87,87,87,87,87,87,87,87,87,87,87,87,87,406,406,406,406,406,406,406,406,406,406,406,406,406,406,406,406,87,87,87,87,87,87,87,87,87,87,87,87,87,87,406,406,406,406,406,406,406,88
297,28,28,28,28,28,28,28,28,28,28,28,28,28,28,28,28,28,28,28,28,28,28,28,28,28,28,28,28,28,28,28,28,28,28,28,28,28,28,28,28,28,28,28,28,28,28,28,28,28,28,28,28,28,28,28,28,28,28,28,28,28,28,28,28,28,28,28,28,28,28,28,28,28,28,28,28,28,28,28,28,28,28,28,28,28,28,28,28,28,28,28,28,28,28,28,28,28,425,47,47,86,406,406,406,406,406,406,406,406,406,87,87,406,406,406,406,406,406,406,406,406,406,87,87,87,87,87,87,87,87,406,406,87,87,406,406,406,406,406,406,406,406,406,406,406,406,406,406,406,406,406,406,406,406,406,406,406,406,406,87,87,406,406,406,406,406,406,406,406,406,406,406,406,406,406,406,406,87,87,87,87,87,87,87,87,87,87,87,87,87,87,406,406,406,406,406,406,406,88
425,28,28,28,28,28,28,28,28,28,28,28,28,28,28,28,28,28,28,28,28,28,28,302,303,28,28,28,28,28,28,460,461,28,28,28,28,28,28,28,28,28,28,28,28,28,28,28,28,28,28,28,28,28,28,28,28,28,28,28,28,28,28,28,28,28,28,28,28,28,28,28,28,28,28,28,28,28,28,28,28,28,300,301,28,28,28,28,28,28,28,28,300,301,28,28,28,28,425,47,47,86,406,406,406,406,406,406,406,406,406,87,87,406,406,406,406,406,406,406,406,406,406,406,406,406,406,406,406,406,406,406,406,87,87,406,406,406,406,406,406,406,406,406,406,406,406,406,406,406,406,406,406,406,406,406,406,406,406,406,87,87,406,406,406,406,406,406,406,406,406,406,406,406,406,406,406,406,87,87,406,406,406,406,406,406,406,406,406,406,406,406,406,406,406,406,406,406,406,88
425,28,28,28,28,28,28,28,28,302,303,28,28,28,28,28,28,28,28,28,28,28,28,334,335,28,28,28,28,28,28,492,493,28,28,28,28,28,28,28,28,28,28,28,28,28,28,28,28,28,28,28,28,28,28,28,28,28,28,28,28,28,28,28,28,28,28,28,28,28,28,28,28,28,28,28,28,28,28,28,28,28,332,333,28,28,28,28,28,28,28,28,332,333,28,28,28,28,425,47,47,86,87,87,87,87,87,87,87,87,87,87,87,406,406,406,406,406,406,406,406,406,406,406,406,406,406,406,406,406,406,406,406,87,87,406,406,406,406,406,406,406,406,406,406,406,406,406,406,406,406,406,406,406,406,406,406,406,406,406,87,87,406,406,406,406,406,406,406,406,406,406,406,406,406,406,406,406,87,87,406,406,406,406,406,406,406,406,406,406,406,406,406,406,406,406,406,406,406,88
425,28,28,28,28,28,28,28,28,334,335,28,28,28,28,28,28,28,28,28,28,28,28,28,28,28,28,28,28,28,28,28,28,28,28,28,28,28,28,28,28,28,28,28,28,28,28,28,28,28,28,28,28,28,28,28,28,28,28,28,28,300,301,28,28,28,28,28,28,28,28,28,28,28,28,28,28,28,28,28,28,28,28,28,28,28,28,28,28,28,28,28,28,28,28,28,28,28,425,47,47,86,87,87,87,87,87,87,87,87,87,87,87,406,406,406,406,406,406,406,406,406,406,406,87,87,87,87,87,87,87,87,87,87,87,406,406,406,406,406,406,406,406,406,406,406,406,406,406,406,406,406,406,406,406,406,406,406,406,406,87,87,406,406,406,406,406,406,406,406,406,406,406,406,406,406,406,406,87,87,406,406,406,406,406,406,406,406,406,406,406,406,406,406,406,406,406,406,406,88
425,28,28,28,28,28,28,28,28,28,28,28,28,28,28,28,28,28,28,460,461,28,28,28,28,28,28,28,28,28,28,28,28,28,28,28,28,28,28,28,28,28,28,28,28,28,28,28,28,28,28,28,28,28,28,28,28,28,28,28,28,332,333,28,28,28,28,28,28,28,28,28,28,28,28,28,28,28,28,28,28,28,28,28,28,28,28,28,28,28,28,28,28,28,28,28,28,28,425,47,47,86,406,406,406,406,406,406,406,406,406,87,87,406,406,87,87,406,406,406,406,406,406,406,87,87,87,87,87,87,87,87,87,87,87,406,406,406,406,406,406,406,406,406,406,406,406,406,406,406,406,406,406,406,406,406,406,406,406,406,87,87,406,406,406,406,406,406,406,406,406,406,406,406,406,406,406,406,87,87,406,406,406,406,406,406,406,406,406,406,406,406,406,406,406,406,406,406,406,88
425,28,28,28,28,28,28,28,28,28,28,28,28,28,28,28,28,28,28,492,493,28,28,28,28,28,28,28,28,28,28,28,28,28,28,28,28,28,28,28,28,28,28,28,28,28,28,28,28,28,28,28,28,28,28,28,28,28,28,28,28,28,28,28,28,28,28,28,28,28,28,28,28,28,28,28,28,28,28,28,28,28,28,28,28,28,28,28,28,28,28,28,28,28,28,28,28,28,425,47,47,86,406,406,406,406,406,406,406,406,406,87,87,406,406,87,87,406,406,406,406,406,406,406,406,406,406,406,406,406,406,406,406,406,406,406,406,406,406,406,406,406,406,406,406,406,406,406,406,406,406,406,406,406,406,406,406,406,87,87,87,87,406,406,406,406,406,406,406,87,87,87,87,87,87,87,406,406,87,87,406,406,406,406,406,406,406,406,406,406,406,406,406,406,406,406,406,406,406,88
425,28,28,302,303,28,28,28,28,28,28,28,28,28,28,28,28,28,28,28,28,28,28,28,28,28,28,28,28,28,28,28,28,28,28,28,28,28,28,28,302,303,28,28,28,28,28,28,28,28,28,28,28,28,28,28,28,28,28,28,28,28,28,28,28,28,28,28,28,28,28,28,28,28,28,28,28,28,28,28,28,28,28,28,28,28,28,28,28,28,302,303,28,28,28,28,28,28,425,47,47,86,406,406,406,406,406,406,406,406,406,87,87,406,406,87,87,406,406,406,406,406,406,406,406,406,406,406,406,406,406,406,406,406,406,406,406,406,406,406,406,87,87,87,87,87,87,87,87,87,87,87,87,87,87,87,87,87,87,87,87,87,406,406,406,406,406,406,406,87,87,87,87,87,87,87,406,406,87,87,406,406,406,406,406,406,406,406,406,406,406,406,406,406,406,406,406,406,406,88
425,28,28,334,335,28,28,28,28,28,28,28,28,28,28,28,28,28,28,28,28,28,28,28,28,28,28,28,28,28,28,28,28,28,28,28,28,28,28,28,334,335,28,28,28,28,300,301,28,28,28,28,28,28,28,28,28,28,28,28,28,28,28,28,28,28,28,28,28,28,28,28,28,28,28,28,28,28,28,28,28,28,28,28,28,28,28,28,28,28,334,335,28,28,28,28,28,28,425,47,47,86,406,406,406,406,406,406,406,406,406,87,87,406,406,87,87,406,406,406,406,406,406,406,406,406,406,406,406,406,406,406,406,406,406,406,406,406,406,406,406,87,87,87,87,87,87,87,87,87,87,87,87,87,87,87,87,87,87,87,406,406,406,406,406,406,406,406,406,406,406,406,406,406,87,87,406,406,87,87,406,406,406,406,406,406,406,406,406,406,406,406,406,406,406,406,406,406,406,88
425,28,28,28,28,28,28,28,28,28,28,28,28,28,28,28,28,28,28,28,28,28,28,28,28,28,28,28,28,28,28,28,28,28,28,28,28,28,28,28,28,28,28,28,28,28,332,333,28,28,28,28,28,28,28,28,28,28,28,28,28,28,28,28,28,28,28,28,28,28,28,28,28,28,28,28,28,28,28,28,28,28,28,28,28,28,28,28,28,28,28,28,28,28,28,28,28,28,425,47,47,86,406,406,406,406,406,406,406,406,406,87,87,406,406,87,87,406,406,406,406,406,406,406,406,406,406,406,406,406,406,406,406,406,406,406,406,406,406,406,406,87,87,406,406,87,87,406,406,406,406,406,406,406,406,406,406,406,87,87,406,406,406,406,406,406,406,406,406,406,406,406,406,406,87,87,406,406,87,87,406,406,406,406,406,406,406,406,406,406,406,406,406,406,406,406,406,406,406,88
425,28,28,28,28,28,28,28,28,28,28,28,28,28,28,28,28,28,28,28,28,28,28,28,28,28,28,28,28,28,28,28,28,28,28,28,28,28,28,28,28,28,28,28,28,28,28,28,28,28,28,28,28,28,28,28,28,28,28,28,28,28,28,28,28,28,28,28,28,28,28,28,28,28,28,302,303,28,28,28,28,28,28,28,28,28,28,28,28,28,28,28,28,28,28,28,28,28,297,47,47,86,406,406,406,406,406,406,406,406,406,87,87,406,406,87,87,406,406,406,406,406,406,406,406,406,406,406,406,406,406,406,406,406,406,406,406,406,406,406,406,87,87,406,406,87,87,406,406,406,406,406,406,406,406,406,406,406,87,87,406,406,406,406,406,406,406,406,406,406,406,406,406,406,87,87,406,406,87,87,406,406,406,406,406,406,406,406,406,406,406,406,406,406,406,406,406,406,406,88
425,28,28,28,28,28,28,28,28,28,28,28,28,28,28,28,28,28,28,28,28,28,28,28,28,28,28,28,28,28,28,28,28,28,28,28,28,28,28,28,28,28,28,28,28,28,28,28,28,28,28,28,28,28,28,28,28,28,28,28,28,302,303,28,28,28,28,28,28,28,28,28,28,28,28,334,335,28,28,28,28,28,28,28,28,28,28,28,28,28,28,28,28,28,28,28,28,28,425,47,47,86,406,406,406,406,406,406,406,406,406,87,87,406,406,87,87,406,406,406,406,406,406,406,406,406,406,406,406,406,406,406,406,406,406,406,406,406,406,406,406,87,87,406,406,87,87,406,406,406,406,406,406,406,406,406,406,406,87,87,87,87,406,406,406,406,406,406,406,406,406,406,406,406,87,87,406,406,87,87,406,406,406,406,406,406,406,406,406,406,406,406,406,406,406,406,406,406,406,88
425,28,28,28,28,28,28,28,28,28,28,28,300,301,28,28,28,28,28,28,28,28,28,28,28,28,28,28,28,28,28,28,28,28,28,28,28,28,28,28,28,28,28,28,28,28,28,28,28,28,28,28,28,28,28,28,28,28,28,28,28,334,335,28,28,28,28,28,28,28,28,28,28,28,28,28,28,28,28,28,28,28,28,28,28,28,28,28,28,28,28,28,28,28,28,28,28,28,425,47,47,86,406,87,87,87,87,87,87,87,87,87,87,87,87,87,87,406,406,87,87,87,87,87,87,87,87,87,406,406,406,406,406,406,406,406,406,406,406,406,406,87,87,406,406,87,87,406,406,406,406,406,406,406,406,406,406,406,87,87,87,87,406,406,406,406,406,406,406,406,406,406,406,406,87,87,406,406,87,87,406,406,406,406,406,406,406,406,406,406,406,406,406,406,406,406,406,406,406,88
425,28,28,28,28,28,28,28,28,28,28,28,332,333,28,28,28,28,28,28,28,28,28,28,28,28,28,28,28,28,28,28,28,28,28,28,28,28,28,28,28,28,28,28,28,28,28,28,28,28,28,28,28,28,28,28,28,28,28,28,28,28,28,28,28,28,28,28,28,28,28,28,28,28,28,28,28,28,28,237,237,237,237,237,237,237,237,237,237,28,28,28,28,28,28,28,28,28,425,47,47,86,406,87,87,87,87,87,87,87,87,87,87,87,87,87,87,406,406,87,87,87,87,87,87,87,87,87,406,406,406,406,406,406,406,406,87,87,87,87,87,87,87,406,406,87,87,406,406,406,406,406,406,406,406,406,406,406,406,406,87,87,406,406,406,406,406,406,406,406,406,406,406,406,87,87,406,406,87,87,406,406,406,406,406,406,406,406,406,406,406,406,406,406,406,406,406,406,406,88
425,28,28,28,28,28,28,28,28,28,28,28,28,28,28,28,28,28,28,28,28,28,28,302,303,28,28,28,28,28,28,28,28,28,28,28,28,28,28,28,28,28,28,28,28,28,28,28,28,28,28,28,28,28,28,28,28,28,28,28,28,28,28,28,28,28,28,28,28,28,28,28,28,28,28,28,28,28,28,269,269,269,269,269,269,269,269,269,269,28,28,28,28,28,28,28,28,28,425,47,47,86,406,406,406,406,406,406,406,406,406,87,87,406,406,406,406,406,406,406,406,406,406,406,406,406,87,87,406,406,406,406,406,406,406,406,87,87,87,87,87,87,87,406,406,87,87,406,406,406,406,406,406,406,406,406,406,406,406,406,87,87,406,406,406,406,406,406,406,406,406,406,406,406,87,87,406,406,87,87,87,406,406,406,406,406,406,406,406,406,406,406,406,406,406,406,406,406,406,88
425,28,28,28,28,28,28,28,28,28,28,28,28,28,28,28,28,28,28,28,28,28,28,334,335,28,28,28,28,28,28,28,28,28,28,28,28,28,28,28,28,28,28,28,28,28,28,28,28,28,28,28,28,28,28,28,28,28,28,28,28,28,28,28,28,28,28,28,28,28,28,28,28,28,28,28,28,28,28,28,28,28,28,28,28,28,28,28,28,28,28,28,28,28,28,28,28,28,425,47,47,86,406,87,87,406,406,406,406,406,406,87,87,406,406,406,406,406,406,406,406,406,406,406,406,406,87,87,406,406,406,406,406,406,406,406,406,406,406,406,406,406,406,406,406,87,87,406,406,406,406,406,406,406,406,406,406,406,406,406,87,87,406,406,406,406,406,406,406,406,406,406,406,406,87,87,406,406,406,87,87,406,406,406,406,406,406,406,406,406,406,406,406,406,406,406,406,406,406,88
425,28,28,28,28,28,11,28,28,28,28,28,28,28,28,28,28,28,28,28,28,28,28,28,28,28,28,28,28,28,28,28,28,28,28,28,28,28,28,28,28,28,28,28,28,28,28,28,28,28,28,28,28,28,28,28,28,28,28,28,28,28,28,28,28,28,28,28,28,28,28,28,28,28,28,28,28,28,28,28,28,28,28,28,28,28,28,28,28,28,28,28,28,28,28,28,28,28,425,47,47,86,406,87,87,406,406,406,406,406,406,87,87,406,406,406,406,406,406,406,406,406,406,406,406,406,87,87,406,406,406,406,406,406,406,406,406,406,406,406,406,406,406,406,406,87,87,406,406,406,406,406,406,406,406,406,406,406,406,406,87,87,406,406,406,406,406,406,406,406,406,406,406,406,87,87,406,406,406,87,87,406,406,406,406,406,406,406,406,406,406,406,406,406,406,406,406,406,406,88
425,28,28,28,28,28,28,28,28,28,28,28,28,28,28,28,28,28,28,28,28,28,28,28,28,28,28,28,28,28,28,28,28,28,28,302,303,28,28,28,28,28,28,28,28,28,28,28,28,28,28,28,28,28,28,28,28,28,28,28,28,28,28,28,28,28,28,28,28,28,28,28,28,28,28,28,28,28,28,28,28,28,28,28,28,28,28,28,28,28,28,28,28,28,28,28,28,28,425,47,47,86,406,87,87,406,406,406,406,406,406,87,87,406,406,406,406,406,406,406,406,406,406,406,406,406,87,87,406,406,406,406,406,406,406,406,406,406,406,406,406,406,406,406,406,87,87,406,406,406,406,406,406,406,406,406,406,406,406,406,87,87,406,406,87,87,87,87,87,87,87,87,87,87,87,87,406,406,406,87,87,87,87,87,87,87,87,87,87,87,87,87,87,87,87,87,406,406,406,88
425,28,28,28,28,28,28,28,28,28,28,28,28,28,28,28,28,28,28,28,28,28,28,28,28,28,28,28,28,28,28,28,28,28,28,334,335,28,28,28,28,28,28,28,28,28,28,28,28,28,28,28,28,28,28,28,28,28,28,28,28,28,28,28,28,28,28,28,300,301,28,28,28,28,28,28,28,28,28,28,28,28,28,28,28,28,28,28,28,28,28,28,28,28,28,28,28,28,425,47,47,86,406,87,87,406,406,406,406,406,406,87,87,406,406,406,406,406,406,406,406,406,406,406,406,406,87,87,406,406,406,406,406,406,406,406,406,406,406,406,406,406,406,406,406,87,87,406,406,406,406,406,87,87,87,87,87,87,87,87,87,87,406,406,87,87,87,87,87,87,87,87,87,87,87,87,406,406,406,87,87,87,87,87,87,87,87,87,87,87,87,87,87,87,87,87,406,406,406,88
425,28,28,28,28,28,28,28,28,28,28,28,28,28,28,28,28,28,28,28,28,28,28,28,28,28,300,301,28,28,28,28,28,28,28,28,28,28,28,28,28,28,28,28,28,28,28,28,28,28,28,28,28,28,28,28,28,28,28,28,28,28,28,28,28,28,28,28,332,333,28,28,28,28,28,28,28,28,28,28,28,28,28,28,28,28,28,28,28,28,28,28,28,28,28,28,28,28,425,47,47,86,406,87,87,87,87,87,87,87,87,87,87,406,406,406,406,406,406,406,406,406,406,406,406,406,87,87,406,406,406,406,406,406,406,406,406,406,406,406,406,406,406,406,406,87,87,406,406,406,406,406,87,87,87,87,87,87,87,87,87,87,406,406,87,87,406,406,406,406,406,406,406,406,87,87,406,406,406,87,87,406,406,406,406,406,406,406,406,406,406,406,406,406,406,406,406,406,406,88
425,28,28,28,28,28,28,28,28,28,28,28,28,28,28,28,28,28,28,28,28,28,28,28,28,28,332,333,28,28,28,28,28,28,28,28,28,28,28,28,28,28,28,28,28,28,28,28,28,28,28,28,300,301,28,28,28,28,28,28,28,28,28,28,28,28,28,28,28,28,28,28,28,28,28,28,28,28,28,28,28,28,28,28,28,28,300,301,28,28,28,28,28,28,28,28,28,28,425,47,47,86,406,87,87,87,87,87,87,87,87,87,87,406,406,406,406,406,406,406,406,406,406,406,406,406,87,87,406,406,406,406,406,406,406,406,406,406,406,406,406,406,406,406,406,87,87,406,406,406,406,406,87,87,406,406,406,406,406,406,87,87,406,406,87,87,406,406,406,406,406,406,406,406,87,87,406,406,406,87,87,406,406,406,406,406,406,406,406,406,406,406,406,406,406,406,406,406,406,88
425,28,28,28,28,28,28,28,28,28,28,28,28,28,28,302,303,28,28,28,28,28,28,28,28,28,28,28,28,28,28,28,28,28,28,28,28,28,28,28,28,28,28,28,28,28,28,28,28,28,28,28,332,333,28,28,28,28,28,28,28,28,28,28,28,28,28,28,28,28,28,28,28,28,28,28,28,28,28,28,28,28,28,28,28,28,332,333,28,28,28,28,28,28,28,28,28,28,425,47,47,86,406,406,406,406,406,406,406,406,406,87,87,87,87,87,87,87,87,87,87,87,87,87,87,406,87,87,406,406,406,406,406,406,406,406,406,406,406,406,406,406,406,406,406,87,87,406,406,406,406,406,87,87,406,406,406,406,406,406,87,87,406,406,87,87,406,406,406,406,406,406,406,406,87,87,406,406,406,87,87,406,406,406,406,406,406,406,406,406,406,406,406,406,406,406,406,406,406,88
425,28,28,28,28,28,28,28,28,28,28,28,28,28,28,334,335,28,28,28,28,28,28,28,28,28,28,28,28,28,28,28,28,28,28,28,28,28,28,28,28,28,28,28,28,28,28,28,28,28,28,28,28,28,28,28,28,28,28,28,28,28,28,28,28,28,28,28,28,28,28,28,28,28,28,28,28,28,28,28,28,28,28,28,28,28,28,28,28,28,28,28,28,28,28,28,28,28,425,47,47,86,406,406,406,406,406,406,406,406,406,87,87,87,87,87,87,87,87,87,87,87,87,87,87,406,87,87,406,406,406,406,406,406,406,406,406,406,406,406,406,406,406,406,406,87,87,406,406,406,406,406,87,87,406,406,406,406,406,406,87,87,406,406,87,87,406,406,406,406,406,406,406,406,87,87,406,406,406,87,87,406,406,406,406,406,406,406,406,406,406,406,406,406,406,406,406,406,406,88
425,28,28,28,28,300,301,28,28,28,28,28,28,28,28,28,28,28,28,28,28,28,28,28,28,28,28,28,28,28,28,28,28,28,28,28,28,28,28,28,28,28,28,28,28,28,28,28,28,28,28,28,28,28,28,28,28,28,28,28,28,28,28,28,28,28,28,28,28,28,28,28,28,28,28,28,28,28,28,28,28,28,28,28,28,28,28,28,28,28,28,28,28,28,28,28,28,28,425,47,47,86,406,406,406,406,406,406,406,406,406,87,87,406,406,406,406,406,406,406,406,406,406,406,406,406,87,87,406,406,406,406,406,406,406,406,406,406,406,406,406,406,406,406,406,87,87,406,406,406,406,406,406,406,406,406,406,406,406,406,87,87,406,406,87,87,406,406,406,406,406,406,406,406,87,87,406,406,406,87,87,406,406,406,406,406,406,406,406,406,406,406,406,406,406,406,406,406,406,88
425,28,28,28,28,332,333,28,28,28,28,28,28,28,28,28,28,28,28,28,28,28,28,28,28,28,28,28,28,28,28,28,28,28,28,28,28,28,28,28,28,28,28,28,28,28,28,28,28,28,28,28,28,28,28,28,28,28,28,28,28,28,28,28,28,28,28,28,28,28,28,28,28,28,28,28,28,28,28,28,28,28,28,28,28,28,28,28,28,28,28,28,28,28,28,28,28,28,425,47,47,86,406,406,406,406,406,406,406,406,406,87,87,406,406,406,406,406,406,406,406,406,406,406,406,406,87,87,406,406,406,406,406,406,406,406,406,406,406,406,406,406,406,406,406,87,87,406,406,406,406,406,406,406,406,406,406,406,406,406,87,87,406,406,87,87,406,406,406,406,406,406,406,406,87,87,406,406,406,87,87,406,406,406,406,406,406,406,406,406,406,406,406,406,406,406,406,406,406,88
425,28,28,28,28,28,28,28,28,28,28,28,28,28,28,28,28,28,28,28,28,28,28,28,28,28,28,28,28,28,28,28,28,28,28,28,28,28,28,28,28,28,28,28,28,28,28,28,28,28,28,28,28,28,28,28,28,28,28,28,28,28,28,28,28,28,28,28,28,28,28,28,28,28,28,28,28,28,28,28,28,28,28,28,28,28,28,28,28,28,28,28,28,28,28,28,28,28,425,47,47,86,406,406,406,406,406,406,406,406,406,87,87,406,406,406,406,406,406,406,406,406,406,406,406,406,87,87,406,406,406,406,406,406,406,406,406,406,406,406,406,406,406,406,406,87,87,406,406,406,406,406,406,406,406,406,406,406,406,406,406,406,406,406,87,87,406,406,406,406,406,406,406,406,87,87,406,406,406,87,87,406,406,406,406,406,406,406,406,406,406,406,406,406,406,406,406,406,406,88
425,28,28,28,28,28,28,28,28,28,28,28,28,28,28,28,28,28,28,28,28,28,28,28,28,28,28,28,28,28,28,28,28,28,28,28,28,28,28,28,300,301,28,28,28,28,28,28,28,28,28,28,28,28,28,28,28,28,28,28,28,28,28,28,28,28,28,28,28,28,28,28,28,28,28,300,301,28,28,28,28,28,28,28,28,28,28,28,28,28,28,28,28,28,28,28,28,28,425,47,47,86,406,406,406,406,406,406,406,406,406,87,87,406,406,406,406,406,406,406,406,406,406,406,406,406,87,87,406,406,406,406,406,406,406,406,406,406,406,406,406,406,406,406,406,87,87,406,406,406,406,406,406,406,406,406,406,406,406,406,406,406,406,406,87,87,406,406,406,406,406,406,406,406,87,87,406,406,406,87,87,406,406,406,406,406,406,406,406,406,406,406,406,406,406,406,406,406,406,88
425,28,28,28,28,28,28,28,28,28,28,28,28,28,28,28,28,28,28,28,28,28,28,28,28,28,28,28,28,28,28,28,28,28,28,28,28,28,28,28,332,333,28,28,28,28,28,28,28,28,28,28,28,28,28,28,28,28,28,28,28,28,28,28,28,28,28,300,301,28,28,28,28,28,28,332,333,28,28,28,28,28,28,28,28,28,28,28,28,28,28,28,28,28,28,28,28,28,425,47,47,86,406,87,87,87,87,87,87,87,87,87,87,87,87,87,87,87,87,87,87,87,87,87,87,87,87,87,406,406,406,406,406,406,406,406,406,406,406,406,406,406,406,406,406,87,87,406,406,406,406,406,406,406,406,406,406,406,406,406,406,406,406,406,87,87,406,406,406,406,406,406,406,406,87,87,406,406,406,87,87,406,406,406,406,406,406,406,406,406,406,406,406,406,406,406,406,406,406,88
425,28,28,28,28,28,28,28,28,28,28,28,28,28,28,28,28,28,28,28,28,28,28,28,28,28,28,28,28,28,28,28,28,28,28,28,28,28,28,28,28,28,28,28,28,28,28,28,28,28,28,28,28,28,28,28,28,28,28,28,28,28,28,28,28,28,28,332,333,28,28,28,28,28,28,28,28,28,28,28,28,28,28,28,28,28,28,28,28,28,28,28,28,28,28,28,28,28,425,47,47,86,406,87,87,87,87,87,87,87,87,87,87,87,87,87,87,87,87,87,87,87,87,87,87,87,87,87,406,406,406,406,406,406,406,406,406,406,406,406,406,406,406,406,406,87,87,406,406,406,406,406,406,406,406,406,406,406,406,406,406,406,406,406,87,87,406,406,406,406,406,406,406,406,87,87,406,406,406,87,87,406,406,406,406,406,406,406,406,406,406,87,87,87,87,87,87,406,406,88
425,28,28,28,28,28,28,28,28,28,28,28,28,28,28,28,28,28,28,28,28,28,28,28,28,28,28,28,28,28,28,28,28,28,28,28,28,28,28,28,28,28,28,28,28,28,28,28,28,28,28,28,28,28,28,28,28,28,28,28,28,28,28,28,28,28,28,28,28,28,28,28,28,28,28,28,28,28,28,28,28,28,28,28,28,28,28,28,28,28,28,28,28,28,28,28,28,28,425,47,47,86,406,406,406,406,406,406,406,406,406,406,406,406,406,406,406,406,406,406,406,406,406,406,406,406,406,406,406,406,406,406,406,406,406,406,406,406,406,406,406,406,406,406,406,87,87,406,406,406,406,406,406,406,406,406,406,406,406,406,406,406,406,406,87,87,406,406,406,406,406,406,406,406,87,87,406,406,406,87,87,406,406,406,406,406,406,406,406,406,406,87,87,87,87,87,87,406,406,88
425,28,28,28,28,28,28,28,28,28,28,28,28,28,28,28,28,28,28,28,28,28,28,28,28,300,301,28,28,28,28,28,28,28,28,28,28,28,28,28,28,28,28,28,28,28,28,28,28,28,28,28,28,28,28,28,28,28,28,28,28,28,28,28,28,28,28,28,28,28,28,28,28,28,28,28,28,28,28,28,28,28,28,28,28,28,28,28,28,28,28,28,28,28,28,28,28,28,425,47,47,86,406,406,406,406,406,406,406,406,406,406,406,406,406,406,406,406,406,406,406,406,406,406,406,406,406,406,406,406,406,406,406,406,406,406,406,406,406,406,406,406,406,406,406,87,87,406,406,406,406,406,406,406,406,406,87,87,87,87,87,87,87,87,87,87,406,406,406,406,406,406,406,406,87,87,406,406,406,87,87,406,406,406,406,406,406,406,406,406,406,87,87,406,406,406,406,406,406,88
361,28,28,28,28,28,28,28,28,28,28,28,28,28,28,28,28,28,28,28,28,28,28,28,28,332,333,28,28,28,28,28,28,28,28,28,28,28,28,28,28,28,28,28,28,28,28,28,28,28,28,28,28,28,28,28,28,28,28,28,28,28,28,28,28,28,28,28,28,28,28,28,28,28,28,28,28,28,28,28,28,28,28,28,28,28,28,28,28,28,28,28,28,300,301,28,28,28,425,47,47,86,406,406,406,406,406,406,406,406,406,406,406,406,406,406,406,406,406,406,406,406,406,406,406,406,406,406,406,406,406,406,406,406,406,406,406,406,406,406,406,406,406,406,406,87,87,406,406,406,406,406,406,406,406,406,87,87,87,87,87,87,87,87,87,87,406,406,406,406,406,406,406,406,87,87,406,406,406,87,87,406,406,406,406,406,406,406,406,406,406,87,87,406,406,406,406,406,406,88
393,28,28,28,28,11,28,28,28,28,28,28,28,28,28,28,28,28,28,28,28,28,28,28,28,28,28,28,28,28,28,28,28,236,236,236,236,236,236,236,28,28,28,28,28,28,28,28,28,28,28,28,28,28,28,28,302,303,28,28,28,28,28,28,28,28,28,28,28,28,28,28,28,28,28,28,28,28,11,28,28,28,28,28,28,28,28,302,303,28,28,28,28,332,333,28,28,28,425,47,47,86,406,406,406,406,406,406,406,406,406,406,406,406,406,406,406,406,406,406,406,406,406,406,406,406,406,87,87,87,87,87,87,87,87,87,87,87,87,87,87,87,87,87,87,87,87,406,406,406,406,406,406,406,406,406,87,87,406,406,406,406,406,406,406,406,406,406,406,406,406,406,406,406,87,87,406,406,406,87,87,406,406,406,406,406,406,406,406,406,406,87,87,406,406,406,406,406,406,88
425,28,28,28,28,28,28,28,28,28,28,28,28,28,28,28,28,28,28,28,28,28,28,28,28,28,28,28,28,28,28,28,28,268,268,268,268,268,268,268,28,28,28,28,28,28,28,28,28,28,28,28,28,28,28,28,334,335,28,28,28,28,28,28,28,28,28,28,28,28,28,28,28,28,28,28,28,28,28,28,28,28,28,28,28,28,28,334,335,28,28,28,28,28,28,28,28,28,425,47,47,86,406,406,406,406,406,406,406,406,406,406,406,406,406,406,406,406,406,406,406,406,406,406,406,406,406,87,87,87,87,87,87,87,87,87,87,87,87,87,87,87,87,87,87,87,87,406,406,406,406,406,406,406,406,406,87,87,406,406,406,406,406,406,406,406,406,406,406,406,406,406,406,406,87,87,406,406,406,87,87,406,406,406,406,406,406,406,406,406,406,87,87,406,406,406,406,406,406,88
425,28,28,28,28,28,28,28,28,28,28,28,28,28,28,28,28,28,28,28,28,28,28,28,28,28,28,28,28,28,28,28,28,28,28,28,28,28,28,28,28,28,28,28,28,28,28,28,28,28,28,28,28,28,28,28,28,28,28,28,28,28,28,28,28,28,28,28,28,28,28,28,28,28,28,28,28,28,28,28,28,28,28,28,28,28,28,28,28,28,28,28,28,28,28,28,28,28,425,47,47,86,406,406,406,406,406,406,406,406,406,406,406,406,406,406,406,406,406,406,406,406,406,406,406,406,406,406,87,87,406,406,406,406,406,87,87,406,406,406,406,406,406,406,406,406,406,406,406,406,406,406,406,406,406,406,87,87,406,406,406,406,406,406,406,406,406,406,406,406,406,406,406,406,87,87,406,406,406,87,87,406,406,406,406,406,406,406,406,406,406,87,87,406,406,406,406,406,406,88
425,28,28,28,28,28,28,28,28,28,28,28,300,301,28,28,28,28,28,28,28,28,28,28,28,28,28,28,28,28,28,28,28,28,28,28,28,28,28,28,28,28,28,28,28,28,28,28,28,28,28,28,28,28,28,28,28,28,28,28,28,28,28,28,28,28,28,28,28,28,28,28,28,28,28,28,28,28,28,28,28,28,28,28,28,28,28,28,28,28,28,28,28,28,28,28,28,28,425,47,47,86,406,406,406,406,406,406,406,406,406,406,406,406,406,406,406,406,406,406,406,406,406,406,406,406,406,406,87,87,406,406,406,406,406,87,87,406,406,406,406,406,406,406,406,406,406,406,406,406,406,406,406,406,406,406,87,87,406,406,406,406,406,406,406,406,406,406,406,406,406,406,406,406,87,87,406,406,406,87,87,406,406,406,406,406,406,406,406,406,406,87,87,406,406,406,406,406,406,88
297,28,28,28,28,28,28,28,28,28,28,28,332,333,28,28,28,28,28,28,28,28,28,28,28,28,28,28,28,28,28,28,28,28,28,28,28,28,28,28,28,28,28,28,28,28,28,28,28,28,28,28,28,28,28,28,28,28,28,28,28,28,28,28,28,28,28,28,28,28,28,28,28,28,28,28,28,28,28,28,28,28,28,28,28,28,28,28,28,28,28,28,28,28,28,28,28,28,425,47,47,86,406,406,406,406,406,406,406,406,406,406,406,406,406,406,406,406,406,406,406,406,406,406,406,406,406,406,87,87,406,406,406,406,406,87,87,406,406,406,406,406,406,406,406,406,406,406,406,406,406,406,406,406,406,406,87,87,406,406,406,406,406,406,406,406,406,406,406,406,406,406,406,406,87,87,406,406,406,87,87,406,406,406,406,406,406,406,406,406,406,87,87,406,406,406,406,406,406,88
425,28,28,28,28,28,28,28,28,28,28,28,28,28,28,28,28,28,28,28,28,28,28,28,28,28,28,28,28,28,28,28,28,28,28,28,28,28,28,28,28,28,28,28,28,28,28,28,28,28,28,28,28,28,28,28,28,28,28,28,28,28,28,28,28,28,28,28,28,28,28,28,28,28,28,28,28,28,28,28,28,28,28,28,28,28,28,28,28,28,28,28,28,28,28,28,28,28,425,47,47,86,406,87,87,87,87,87,87,87,87,87,87,87,87,87,87,87,87,87,87,87,87,87,87,87,87,87,87,87,406,406,406,406,406,87,87,406,406,406,406,406,406,406,406,406,406,406,406,406,406,406,406,406,406,406,87,87,406,406,406,406,406,406,406,406,406,406,406,406,406,406,406,406,87,87,87,87,87,87,87,406,406,406,406,406,406,406,406,406,406,87,87,406,406,406,406,406,406,88
425,28,28,28,28,28,28,28,28,28,28,28,28,28,28,28,28,28,28,28,28,28,28,28,28,28,28,28,28,28,28,28,28,28,28,28,28,28,28,28,28,28,28,28,28,28,28,28,28,28,28,28,28,28,28,28,28,28,28,28,28,28,28,28,28,28,28,28,28,28,28,28,28,28,28,28,28,28,28,28,28,28,28,28,28,28,28,28,28,28,28,28,28,28,28,28,28,28,425,47,47,86,406,87,87,87,87,87,87,87,87,87,87,87,87,87,87,87,87,87,87,87,87,87,87,87,87,87,87,87,406,406,406,406,406,87,87,406,406,406,406,406,406,406,406,406,406,406,406,406,406,406,406,406,406,406,87,87,406,406,406,406,406,406,406,406,406,406,406,406,406,406,406,406,87,87,87,87,87,87,87,406,406,406,406,406,406,406,406,406,406,87,87,406,406,406,406,406,406,88
425,28,28,28,28,28,28,28,28,28,28,28,28,28,28,28,28,28,28,28,28,28,28,28,28,28,28,28,28,28,28,28,28,28,28,28,28,28,28,28,28,28,28,28,28,28,28,28,28,28,28,28,28,28,28,28,28,28,28,28,28,28,28,28,28,28,28,28,28,28,28,28,28,28,28,28,28,28,28,28,28,28,28,28,28,28,28,28,28,28,28,28,28,28,28,28,28,28,425,47,47,86,406,406,406,406,406,406,406,406,406,406,406,406,406,406,406,406,406,406,406,406,406,406,406,406,406,406,406,406,406,406,406,406,406,87,87,406,406,406,406,406,406,406,406,406,406,406,406,406,406,406,406,406,406,406,87,87,406,406,406,406,406,406,406,406,406,406,406,406,406,406,406,406,406,406,87,87,406,406,406,406,406,406,406,406,406,406,406,406,406,87,87,406,406,406,406,406,406,88
425,28,28,28,28,28,28,28,28,28,28,28,28,28,28,28,28,28,28,28,28,28,28,28,28,28,28,28,28,28,28,28,28,28,28,28,28,28,28,28,28,28,28,28,28,28,28,28,28,28,28,28,28,28,28,28,28,28,28,28,28,28,28,28,28,28,28,28,28,28,28,28,28,28,28,28,28,28,28,28,28,28,28,28,28,28,28,28,28,28,28,28,28,28,28,28,28,28,425,47,47,86,406,406,406,406,406,406,406,406,406,406,406,406,406,406,406,406,406,406,406,406,406,406,406,406,406,406,406,406,406,406,406,406,406,87,87,406,406,406,406,406,406,406,406,406,406,87,87,87,87,87,87,87,87,87,87,87,406,406,406,406,406,406,406,406,406,406,406,406,406,406,406,406,406,406,87,87,406,406,406,406,406,406,87,87,87,87,87,87,87,87,87,406,406,406,406,406,406,88
425,28,28,28,28,28,28,28,28,28,28,28,28,28,28,28,28,28,28,28,28,28,28,28,28,28,28,28,28,28,28,28,28,28,28,28,28,28,28,28,28,28,28,300,301,28,28,28,28,28,28,28,28,28,28,460,461,28,28,28,28,28,300,301,28,28,28,28,28,28,28,28,28,28,28,28,28,28,28,28,28,28,28,28,28,28,28,28,28,28,28,28,28,28,28,28,28,28,425,47,47,86,406,406,406,406,406,406,406,406,406,406,406,406,406,406,406,406,406,406,406,406,406,406,406,406,406,406,406,406,406,406,406,406,406,87,87,406,406,406,406,406,406,406,406,406,406,87,87,87,87,87,87,87,87,87,87,87,406,406,406,406,406,406,406,406,406,406,406,406,406,406,406,406,406,406,87,87,406,87,87,87,87,87,87,87,87,87,87,87,87,87,87,406,406,406,406,406,406,88
425,28,28,28,28,28,28,28,28,28,28,28,28,28,28,28,28,28,28,28,28,28,28,28,28,28,28,28,28,28,28,28,28,28,28,28,28,28,28,28,28,28,28,332,333,28,28,28,28,28,28,28,28,28,28,492,493,28,28,28,28,28,332,333,28,28,28,28,28,28,28,28,28,300,301,28,28,28,28,28,28,28,28,28,28,28,28,28,28,28,28,28,28,28,28,28,28,28,425,47,47,86,406,406,406,406,406,406,406,406,406,406,406,406,406,406,406,406,406,406,406,406,406,406,406,406,406,406,406,406,406,406,406,406,406,87,87,406,406,406,406,406,406,406,406,406,406,87,87,406,406,406,406,406,406,406,406,406,406,406,406,406,406,406,406,406,406,406,406,406,406,406,406,406,406,406,87,87,406,87,87,87,87,87,87,406,406,406,406,406,406,406,406,406,406,406,406,406,406,88
425,28,28,28,28,28,28,28,28,28,28,28,28,28,28,28,28,28,28,28,28,28,28,28,28,28,28,28,28,28,28,28,28,28,28,28,28,28,28,28,28,28,28,28,28,28,28,28,28,28,28,28,28,28,28,28,28,28,28,28,28,28,28,28,28,28,28,302,303,28,28,28,28,332,333,28,28,28,28,28,28,28,28,28,28,28,28,28,28,28,28,28,28,28,28,28,28,28,425,47,47,86,406,406,406,406,406,406,406,406,406,406,406,406,406,406,406,406,406,406,406,406,406,406,406,406,406,406,406,406,406,406,406,406,406,87,87,406,406,406,406,406,406,406,406,406,406,87,87,406,406,406,406,406,406,406,406,406,406,406,406,406,406,406,87,87,406,406,406,406,406,406,406,406,406,406,87,87,406,406,406,406,406,87,87,406,406,406,406,406,406,406,406,406,406,406,406,406,406,88
425,28,28,28,237,237,237,237,237,237,237,237,237,237,237,237,28,28,28,28,302,303,28,28,28,28,28,28,28,28,28,28,28,302,303,28,28,28,28,28,28,28,28,28,28,28,28,28,28,28,28,28,28,28,28,28,28,28,28,28,28,28,28,28,28,28,28,334,335,28,28,28,28,28,28,28,28,28,28,28,28,28,28,28,28,28,28,28,28,28,28,28,28,28,28,28,28,28,425,47,47,86,406,406,406,406,406,406,406,406,406,406,406,406,406,406,406,406,406,406,406,406,406,406,406,406,406,406,406,406,406,406,406,406,406,87,87,406,406,406,406,406,406,406,406,406,406,87,87,406,406,406,406,406,406,406,406,406,406,406,406,406,406,406,87,87,406,406,406,406,406,406,406,406,406,406,87,87,406,406,406,406,406,87,87,406,406,406,406,406,406,406,406,406,406,406,406,406,406,88
425,28,28,28,269,269,269,269,269,269,269,269,269,269,269,269,28,28,28,28,334,335,28,28,28,28,28,28,28,28,28,28,28,334,335,28,28,28,28,28,28,28,28,28,28,28,28,28,28,28,28,28,28,28,28,28,28,28,28,28,28,28,28,28,28,28,28,28,28,28,28,28,28,28,28,28,28,28,28,28,28,28,28,28,28,28,300,301,28,28,28,28,28,28,28,28,28,28,425,47,47,86,406,406,406,406,406,406,406,406,406,406,406,406,406,406,87,87,87,87,87,87,87,87,87,87,87,87,87,87,87,87,87,87,87,87,87,406,406,406,406,406,406,406,406,406,406,87,87,406,406,406,406,406,406,406,406,406,406,406,406,406,406,406,87,87,406,406,406,406,406,406,406,406,406,406,87,87,406,406,406,406,406,87,87,406,406,406,406,406,406,406,406,406,406,406,406,406,406,88
425,28,28,28,28,28,28,28,28,28,28,28,28,28,28,28,28,28,28,28,28,28,28,28,28,28,28,28,28,28,28,28,28,28,28,28,28,28,28,28,28,28,28,28,28,28,28,28,28,28,28,28,28,28,28,28,28,28,28,28,28,28,28,28,28,28,28,28,28,28,28,28,28,28,28,28,28,28,28,28,28,28,28,28,28,28,332,333,28,28,28,11,28,28,28,28,28,28,425,47,47,86,406,406,406,406,406,406,406,406,406,406,406,406,406,406,87,87,87,87,87,87,87,87,87,87,87,87,87,87,87,87,87,87,87,87,87,406,406,406,406,406,406,406,406,406,406,87,87,406,406,406,406,406,406,406,406,406,406,406,406,406,406,406,87,87,406,406,406,406,406,406,406,406,406,406,87,87,406,406,406,406,406,87,87,406,406,406,406,406,406,406,406,406,406,406,406,406,406,88
425,28,28,28,28,28,28,28,28,28,28,28,28,28,28,28,28,28,28,28,28,28,28,28,28,28,28,28,28,28,28,28,28,28,28,28,28,28,28,28,28,28,28,28,28,28,28,28,28,28,28,28,28,28,28,28,28,28,28,28,28,28,28,28,28,28,28,28,28,28,28,28,28,28,28,28,28,28,28,28,28,28,28,28,28,28,28,11,28,28,28,28,28,28,28,28,28,28,425,47,47,86,406,406,406,406,406,406,406,406,406,406,406,406,406,406,406,406,406,87,87,406,406,406,406,406,406,406,406,406,406,406,406,406,406,87,87,406,406,406,406,406,406,406,406,406,406,87,87,406,406,406,406,406,406,406,406,406,406,406,406,406,406,406,87,87,406,406,406,406,406,406,406,406,406,406,87,87,406,406,406,406,406,87,87,406,406,406,406,406,406,406,406,406,406,406,406,406,406,88
297,28,28,28,28,28,28,28,28,28,28,28,28,28,28,28,28,28,28,28,28,28,28,28,28,28,28,28,28,28,28,28,28,28,28,28,28,28,28,28,28,28,28,28,28,28,11,28,28,28,28,28,28,28,28,28,28,28,28,28,28,28,28,28,28,28,28,28,28,28,28,28,28,28,28,28,28,28,28,28,28,28,28,28,28,28,28,28,28,28,28,28,28,28,28,28,28,28,425,47,47,86,406,406,406,406,406,406,406,406,406,406,406,406,406,406,406,406,406,87,87,406,406,406,406,406,406,406,406,406,406,406,406,406,406,87,87,406,406,406,406,406,406,406,406,406,406,87,87,406,406,406,406,406,406,406,406,406,406,406,406,406,406,406,87,87,406,406,406,406,406,406,406,406,406,406,87,87,406,406,406,406,406,87,87,406,406,406,406,406,406,406,406,406,406,406,406,406,406,88
425,28,28,28,28,28,28,28,28,28,28,28,28,28,28,28,28,28,28,28,28,28,28,28,28,28,28,28,28,28,28,28,28,28,28,28,28,28,28,28,28,28,28,28,28,28,28,28,28,28,28,28,28,28,28,28,28,11,28,28,28,28,28,28,28,28,28,28,28,28,28,28,28,28,28,28,28,28,28,28,28,28,28,28,28,28,28,28,28,28,28,28,28,28,28,28,28,28,425,47,47,86,406,406,406,406,406,406,406,406,406,406,406,406,406,406,406,406,406,87,87,406,406,406,406,406,406,406,406,406,406,406,406,406,406,87,87,406,406,406,406,406,406,406,406,406,406,87,87,406,406,406,406,406,406,406,406,406,406,406,406,406,406,406,87,87,406,406,406,406,406,406,406,406,406,406,87,87,406,406,406,406,406,87,87,406,406,406,406,406,406,406,406,406,406,406,406,406,406,88
425,28,28,28,28,28,28,28,28,28,28,28,28,28,28,28,28,28,28,28,28,28,28,28,28,28,28,28,28,11,28,28,28,28,28,28,28,28,28,28,28,28,28,28,28,28,28,28,28,28,28,28,28,28,28,28,28,28,28,28,28,28,28,28,28,28,28,28,28,11,28,28,28,28,28,28,28,28,28,28,28,28,28,28,28,28,28,28,28,28,28,28,28,28,28,28,28,28,425,47,47,86,406,406,87,87,87,87,87,87,87,87,87,87,87,87,87,87,87,87,87,406,406,406,406,406,406,406,406,406,406,406,406,406,406,87,87,87,87,87,87,87,87,87,87,87,87,87,87,87,87,87,87,87,87,87,87,87,87,87,87,87,87,87,87,87,406,406,406,406,406,406,406,406,406,406,87,87,406,406,406,406,406,87,87,406,406,406,406,406,406,406,406,406,406,406,406,406,406,88
425,28,28,28,28,28,28,28,28,28,28,28,28,28,28,28,28,28,28,28,28,28,28,28,28,28,28,28,28,28,28,28,28,28,28,28,28,28,28,28,28,28,28,28,28,28,28,28,28,28,28,28,28,28,28,28,28,28,28,28,28,28,28,28,28,28,28,28,28,28,28,28,28,28,28,28,28,28,28,28,28,28,28,28,28,28,28,28,28,28,28,28,28,28,28,28,28,28,425,47,47,86,406,406,87,87,87,87,87,87,87,87,87,87,87,87,87,87,87,87,87,406,406,406,406,406,406,406,406,406,406,406,406,406,406,87,87,87,87,87,87,87,87,87,87,87,87,87,87,87,87,87,87,87,87,87,87,87,87,87,87,87,87,87,87,87,406,406,406,406,406,406,406,406,406,406,87,87,406,406,406,406,406,87,87,406,406,406,406,406,406,406,406,406,406,406,406,406,406,88
425,28,28,28,28,11,28,28,28,28,28,28,300,301,28,28,28,28,28,28,28,28,28,28,28,28,28,28,28,28,28,28,28,28,28,28,28,28,28,28,28,28,28,28,28,28,28,28,28,28,28,28,28,28,300,301,28,28,28,28,28,28,28,28,28,28,28,28,28,28,28,28,28,28,28,28,28,28,28,28,28,28,28,28,28,28,28,28,28,28,28,28,28,28,28,28,28,28,425,47,47,86,406,406,406,406,406,406,406,406,406,406,87,87,406,406,406,406,406,406,406,406,406,406,406,406,406,406,406,406,406,406,406,406,406,87,87,406,406,406,406,406,406,406,406,406,406,406,406,406,406,406,406,406,406,406,406,406,87,87,406,406,406,406,406,406,406,406,406,406,406,406,406,406,406,406,87,87,406,406,406,406,406,87,87,406,406,406,406,406,406,406,406,406,406,406,406,406,406,88
425,28,28,28,28,28,28,28,28,28,28,28,332,333,28,28,28,28,28,28,28,28,28,28,28,28,28,28,28,28,28,28,28,28,28,28,28,28,28,28,28,28,28,28,28,28,28,28,28,28,28,28,28,28,332,333,28,28,28,28,28,28,28,28,28,28,28,28,28,28,28,28,28,28,28,28,28,28,28,28,28,28,28,28,28,28,28,28,28,28,28,28,28,28,28,28,28,28,425,47,47,86,406,406,406,406,406,406,406,406,406,406,87,87,406,406,406,406,406,406,406,406,406,406,406,406,406,406,406,406,406,406,406,406,406,87,87,406,406,406,406,406,406,406,406,406,406,406,406,406,406,406,406,406,406,406,406,406,87,87,406,406,406,406,406,406,406,406,406,406,406,406,406,406,406,406,87,87,406,406,406,406,406,87,87,406,406,406,406,406,406,406,406,406,406,406,406,406,406,88
425,28,28,28,28,28,28,28,28,28,28,28,28,28,28,28,28,28,28,28,28,28,28,28,28,28,28,28,28,28,28,28,28,28,28,300,301,28,28,28,28,28,28,28,28,28,28,28,28,28,28,28,28,28,28,28,28,28,28,28,28,28,28,28,28,28,28,28,28,28,28,28,28,28,28,28,28,28,28,28,28,28,302,303,28,28,28,28,28,28,28,28,300,301,28,28,28,28,425,47,47,86,406,406,406,406,406,406,406,406,406,406,87,87,406,406,406,406,406,406,406,406,406,406,406,87,87,406,406,406,406,406,406,406,406,87,87,406,406,406,406,406,406,406,406,406,406,406,406,406,406,406,406,406,406,406,406,406,87,87,406,406,406,406,406,406,406,406,406,406,406,406,406,406,406,406,87,87,406,406,406,406,406,87,87,406,406,406,406,406,406,406,406,406,406,406,406,406,406,88
425,28,28,28,28,28,28,28,28,28,28,28,28,28,28,28,28,28,28,28,28,28,28,28,28,28,28,28,28,28,28,28,28,28,28,332,333,28,28,28,28,28,28,28,28,28,28,28,28,28,28,28,28,28,28,28,28,28,28,28,28,28,28,28,28,28,28,28,28,28,28,28,28,28,28,28,28,28,28,28,28,28,334,335,28,28,28,28,28,28,28,28,332,333,28,28,28,28,425,47,47,86,406,406,406,406,406,406,406,406,406,406,87,87,406,406,406,406,406,406,406,406,406,406,406,87,87,406,406,406,406,406,406,406,406,87,87,406,406,406,406,406,406,406,406,406,406,406,406,406,406,406,406,406,406,406,406,406,87,87,406,406,406,406,406,406,406,406,406,87,87,87,87,87,87,87,87,87,406,406,406,406,406,87,87,406,406,406,406,406,406,406,406,406,406,406,406,406,406,88
425,28,28,28,28,28,28,28,28,28,28,28,28,28,28,28,28,28,28,28,28,28,28,28,28,28,28,28,28,28,28,28,28,28,28,28,28,28,28,28,28,28,28,28,28,302,303,28,28,28,28,28,28,28,28,28,28,28,28,28,28,28,28,28,28,28,28,28,28,28,28,28,28,28,28,28,28,28,28,28,28,28,28,28,28,28,28,28,28,28,28,28,28,28,28,28,28,28,425,47,47,86,406,406,406,406,406,406,406,406,406,406,87,87,406,406,406,406,406,406,406,406,406,406,406,87,87,406,406,406,406,406,406,406,406,406,406,406,406,406,406,406,406,406,406,406,406,406,406,406,406,406,406,406,406,406,406,406,87,87,406,406,406,406,406,406,406,406,406,87,87,87,87,87,87,87,87,87,406,406,406,406,406,87,87,406,406,406,406,406,406,406,406,406,406,406,406,406,406,88
425,28,28,28,28,28,28,28,28,28,28,28,28,28,28,28,28,28,28,28,28,28,28,28,28,302,303,28,28,28,28,28,28,28,28,28,28,28,28,28,28,28,28,28,28,334,335,28,28,28,28,28,28,28,28,28,28,28,28,28,28,28,28,28,28,28,28,28,28,28,28,28,28,28,28,28,28,28,28,28,28,28,28,28,28,28,28,28,28,28,28,28,28,28,28,28,28,28,425,47,47,86,406,406,406,406,406,406,406,406,406,406,87,87,406,406,406,406,406,406,406,406,406,406,406,87,87,406,406,406,406,406,406,406,406,406,406,406,406,406,406,406,406,406,406,406,406,406,406,406,406,406,406,406,406,406,406,406,87,87,406,406,406,406,406,406,406,406,406,406,406,406,406,406,406,406,406,406,406,406,406,406,406,87,87,406,406,406,406,406,406,406,406,406,406,406,406,406,406,88
425,28,28,28,28,302,303,28,28,28,28,28,28,28,28,28,28,28,28,28,28,28,28,28,28,334,335,28,28,28,28,28,28,28,28,28,28,28,28,28,28,28,28,28,28,28,28,28,28,28,28,28,28,28,28,28,28,28,28,28,28,28,28,28,28,28,28,28,28,28,28,28,28,300,301,28,28,28,28,28,28,28,28,28,28,28,28,28,28,28,28,28,28,28,28,28,28,28,425,47,47,86,406,406,406,406,406,406,406,406,406,406,87,87,406,406,406,406,406,406,406,406,406,406,406,87,87,406,406,406,406,406,406,406,406,406,406,406,406,406,406,406,406,406,406,406,406,406,406,406,406,406,406,406,406,406,406,406,87,87,406,406,406,406,406,406,406,406,406,406,406,406,406,406,406,406,406,406,406,406,406,406,406,87,87,406,406,406,406,406,406,406,406,406,406,406,406,406,406,88
425,28,28,28,28,334,335,28,28,28,28,11,28,28,28,28,28,28,28,28,28,28,28,28,28,28,28,28,28,28,28,28,28,28,28,28,28,28,28,28,28,28,28,28,28,28,28,28,28,28,28,28,28,28,28,28,28,28,28,28,28,28,28,28,28,28,302,303,28,28,28,28,28,332,333,28,28,28,28,28,28,28,28,28,28,28,28,28,28,28,28,28,28,28,28,28,28,28,425,47,47,86,406,406,406,406,406,406,406,406,406,406,406,87,87,87,87,87,87,87,87,87,87,87,87,87,87,406,406,406,406,406,406,406,406,406,406,406,406,406,406,406,406,406,406,406,406,406,406,406,406,406,406,406,406,406,406,406,87,87,406,406,406,406,406,406,406,406,406,406,406,406,406,406,406,406,406,406,406,406,406,406,406,87,87,406,406,406,406,406,406,406,406,406,406,406,406,406,406,88
425,28,28,28,28,28,28,28,28,28,28,28,28,28,28,28,28,28,28,28,28,28,28,28,28,28,28,28,28,28,28,28,28,28,28,28,28,28,28,28,28,28,28,28,28,28,28,28,28,28,28,28,28,28,28,28,28,28,28,28,28,28,28,28,28,28,334,335,28,28,28,28,28,28,28,28,28,28,28,28,28,28,28,28,28,28,28,28,28,28,28,28,28,28,28,28,28,28,425,47,47,86,406,406,406,406,406,406,406,406,406,406,406,87,87,87,87,87,87,87,87,87,87,87,87,87,87,406,406,406,406,406,406,406,406,406,406,406,406,406,87,87,87,87,87,87,87,87,87,87,87,87,87,87,87,87,87,87,87,87,406,406,406,406,406,406,406,406,406,406,406,406,406,406,406,406,406,406,406,406,406,406,406,87,87,406,406,406,406,406,406,406,406,406,406,406,406,406,406,88
425,28,28,28,28,28,28,28,28,28,28,28,28,28,28,28,28,28,28,28,28,28,28,28,28,28,28,28,28,28,28,28,28,28,28,28,28,28,28,28,28,28,28,28,28,28,28,28,28,28,28,28,28,28,28,28,28,28,28,28,28,28,28,28,28,28,28,28,28,28,28,28,28,28,28,28,28,28,28,28,28,28,28,28,28,28,28,28,28,28,28,28,28,28,28,28,28,28,425,47,47,86,406,406,406,406,406,406,406,406,406,406,406,87,87,406,406,406,406,406,406,87,87,406,406,406,406,406,406,406,406,406,406,406,406,406,406,406,406,406,87,87,87,87,87,87,87,87,87,87,87,87,87,87,87,87,87,87,87,87,406,406,406,406,406,406,406,406,406,406,406,406,406,406,406,406,406,406,406,406,406,406,406,87,87,406,406,406,406,406,406,406,406,406,406,406,406,406,406,88
425,28,28,28,28,28,28,28,28,28,28,28,28,28,28,28,28,28,28,28,28,28,28,28,28,28,28,28,28,28,28,28,28,28,28,28,28,28,28,28,28,28,28,28,28,28,28,28,28,28,28,28,28,28,28,28,28,28,28,28,28,28,28,28,28,28,28,28,28,28,28,28,28,28,28,28,28,28,28,28,28,28,28,28,28,28,28,28,28,28,28,28,28,28,28,28,28,28,425,47,47,86,406,406,406,406,406,406,406,406,406,406,406,87,87,406,406,406,406,406,406,87,87,406,406,406,406,406,406,406,406,406,406,406,406,406,406,406,406,406,87,87,406,406,406,406,406,406,406,406,406,406,406,406,406,406,406,406,406,406,406,406,406,406,406,406,406,406,406,406,406,406,406,406,406,406,406,406,406,406,406,406,406,87,87,406,406,406,406,406,406,406,406,406,406,406,406,406,406,88
425,28,28,28,28,28,28,28,28,28,28,28,28,28,28,28,28,28,28,28,28,28,28,28,28,28,28,28,28,28,28,28,28,28,28,28,28,28,28,28,28,28,28,28,28,28,28,28,28,28,28,28,28,28,28,28,28,28,28,28,28,28,28,28,28,28,28,28,28,28,28,28,28,28,28,28,28,28,28,28,28,28,28,28,28,28,28,28,28,28,28,28,28,28,28,28,28,28,425,47,47,86,406,406,406,406,406,406,406,406,406,406,406,87,87,406,406,406,406,406,406,87,87,406,406,406,406,406,406,406,406,406,406,406,406,406,406,406,406,406,87,87,406,406,406,406,406,406,406,406,406,406,406,406,406,406,406,406,406,406,406,406,406,406,406,406,406,406,406,406,406,406,406,406,406,406,406,406,406,406,406,406,406,87,87,406,406,406,406,406,406,406,406,406,406,406,406,406,406,88
425,28,28,28,28,28,28,28,28,28,28,28,28,28,28,300,301,28,28,28,28,28,28,28,28,28,28,28,28,28,28,28,28,28,28,28,28,28,28,28,28,28,28,28,28,28,28,28,28,28,460,461,28,28,28,28,28,28,28,28,28,28,28,28,28,28,28,28,28,28,28,302,303,28,28,28,28,28,28,28,28,28,28,28,28,28,28,28,28,28,28,28,28,302,303,28,28,28,425,47,47,86,406,406,406,406,406,406,406,406,406,406,406,87,87,406,406,406,406,406,406,87,87,406,406,406,406,406,406,406,406,406,406,406,406,406,406,406,406,406,87,87,406,406,406,406,406,406,406,406,406,406,406,406,406,406,406,406,406,406,406,406,406,406,406,406,406,406,406,406,406,406,406,406,406,406,406,406,406,406,406,406,406,87,87,87,87,87,87,87,87,87,87,87,87,87,87,87,87,88
425,28,28,28,28,28,11,28,28,28,28,28,28,28,28,332,333,28,28,28,28,28,28,28,28,28,28,28,28,28,11,28,28,28,28,28,28,28,28,28,28,28,28,28,28,28,28,28,28,28,492,493,28,28,28,28,28,28,28,28,28,28,28,28,28,28,28,28,28,28,28,334,335,28,28,28,28,28,28,28,28,28,28,28,28,28,28,28,28,28,28,28,28,334,335,28,28,28,425,47,47,86,406,406,406,406,406,406,406,406,406,406,406,406,406,406,406,406,406,406,406,87,87,406,406,406,406,406,406,406,406,406,406,406,406,406,406,406,406,406,87,87,406,406,406,406,406,406,406,406,406,406,406,406,406,406,406,406,406,406,406,406,406,406,406,406,406,406,406,406,406,406,406,406,406,406,406,406,406,406,406,406,406,87,87,87,87,87,87,87,87,87,87,87,87,87,87,87,87,88
425,28,28,28,28,28,28,28,28,28,28,28,28,28,11,11,11,28,28,28,28,28,28,28,28,28,28,28,28,28,28,28,28,28,28,28,28,28,28,28,28,28,28,28,28,28,28,28,28,28,28,28,28,28,28,28,28,28,28,28,28,28,300,301,28,28,28,28,28,28,28,28,28,28,28,28,28,28,28,28,28,28,28,28,28,28,28,28,28,28,28,28,28,28,28,28,28,28,425,47,47,86,406,406,406,406,406,406,406,406,406,406,406,406,406,406,406,406,406,406,406,87,87,406,406,406,406,406,406,406,406,406,406,406,406,406,406,406,406,406,87,87,87,87,87,87,87,87,87,87,87,87,87,87,87,87,87,87,87,87,87,87,87,87,87,87,406,406,406,406,406,406,406,406,406,406,406,406,406,406,406,406,406,406,406,406,406,406,406,406,406,406,406,406,406,406,406,87,87,88
425,28,28,28,28,28,28,28,28,28,28,28,28,28,28,28,28,28,28,28,28,28,28,28,28,28,28,28,28,28,28,28,28,28,28,28,28,28,28,28,28,28,28,28,28,28,28,28,28,28,28,28,28,28,28,28,28,28,28,28,28,28,332,333,28,28,28,28,28,28,28,28,28,28,236,236,236,236,236,236,28,28,28,300,301,28,28,28,28,28,28,28,28,28,28,28,28,28,425,47,47,86,406,406,406,406,406,406,406,406,406,406,406,406,406,406,406,406,406,406,406,87,87,406,406,406,406,406,406,406,406,406,406,406,406,406,406,406,406,406,87,87,87,87,87,87,87,87,87,87,87,87,87,87,87,87,87,87,87,87,87,87,87,87,87,87,406,406,406,406,406,406,406,406,406,406,406,406,406,406,406,406,406,406,406,406,406,406,406,406,406,406,406,406,406,406,406,87,87,88
425,28,28,28,28,28,28,28,28,28,28,28,28,28,28,28,28,28,28,28,28,28,28,28,28,28,28,28,28,28,28,28,28,28,300,301,28,28,28,28,302,303,28,28,28,28,28,28,28,28,28,28,28,28,28,28,28,28,28,28,28,28,28,28,28,28,28,28,28,28,28,28,28,28,268,268,268,268,268,268,28,28,28,332,333,28,28,28,28,28,28,28,28,28,28,28,28,28,425,47,47,86,406,406,406,406,406,406,406,406,406,406,406,406,406,406,87,87,87,87,87,87,87,406,406,406,406,406,406,406,406,406,406,406,406,406,406,406,406,406,87,87,406,406,406,406,406,406,406,406,406,406,406,406,406,406,406,406,406,406,406,406,406,406,87,87,406,406,406,406,406,406,406,406,406,406,406,406,406,406,406,406,406,406,406,406,406,406,406,406,406,406,406,406,406,406,406,87,87,88
425,28,28,28,28,28,28,28,28,28,28,28,28,28,28,28,28,28,28,28,28,28,28,302,303,28,28,28,28,28,28,28,28,28,332,333,28,28,28,28,334,335,28,28,28,28,28,28,28,28,28,28,28,28,28,28,28,28,28,28,28,28,28,28,28,28,28,28,28,28,28,28,28,28,28,28,28,28,28,28,28,28,28,28,28,28,28,28,28,28,28,28,28,28,28,28,28,28,425,47,47,86,406,406,406,406,406,406,406,406,406,406,406,406,406,406,87,87,87,87,87,87,87,406,406,406,406,406,406,406,406,406,406,406,406,406,406,406,406,406,87,87,406,406,406,406,406,406,406,406,406,406,406,406,406,406,406,406,406,406,406,406,406,406,87,87,406,406,406,406,406,406,406,406,406,406,406,406,406,406,406,406,406,406,406,406,406,406,406,406,406,406,406,406,406,406,406,87,87,88
425,28,28,28,28,28,28,28,28,28,28,28,28,28,28,28,28,28,28,28,28,28,28,334,335,28,28,28,28,28,28,28,28,28,28,28,28,28,28,28,28,28,28,28,28,28,28,28,28,28,28,28,28,28,28,28,28,28,28,28,28,28,28,28,28,28,28,28,28,28,28,28,28,28,28,28,28,28,28,28,28,28,28,28,28,28,28,28,28,28,28,28,28,28,28,28,28,28,425,47,47,86,406,406,406,406,406,406,406,406,406,406,406,406,406,406,87,87,406,406,406,406,406,406,406,406,406,406,406,406,406,406,406,406,406,406,406,406,406,406,87,87,406,406,406,406,406,406,406,406,406,406,406,406,406,406,406,406,406,406,406,406,406,406,87,87,87,87,87,87,87,87,87,87,87,87,87,87,87,87,87,87,87,87,87,87,87,87,87,87,87,87,87,87,87,87,87,87,87,88
425,28,28,28,28,28,28,28,28,28,28,28,28,28,28,28,28,28,28,28,28,28,28,28,28,28,28,28,28,28,28,28,28,28,28,28,28,28,28,28,28,28,28,28,28,28,28,28,28,28,28,28,28,28,28,28,28,28,28,28,28,28,28,28,28,28,28,28,28,28,28,28,28,28,28,28,28,28,28,28,28,28,28,28,28,28,28,28,28,28,28,28,28,28,28,28,28,28,425,47,47,86,406,406,406,406,406,406,406,406,406,406,406,406,406,406,87,87,406,87,87,87,87,87,87,87,87,406,406,406,406,406,406,406,406,406,406,406,406,406,87,87,406,406,406,406,406,406,406,406,406,406,406,406,406,406,406,406,406,406,406,406,406,406,87,87,87,87,87,87,87,87,87,87,87,87,87,87,87,87,87,87,87,87,87,87,87,87,87,87,87,87,87,87,87,87,87,87,87,88
425,28,28,28,28,28,28,28,28,28,28,28,11,28,28,28,28,28,28,28,28,28,28,28,28,28,28,28,28,28,28,28,28,28,28,28,28,28,28,28,28,28,28,28,28,28,302,303,28,28,28,28,28,28,28,28,28,28,28,28,28,28,28,28,28,28,28,28,28,28,28,28,28,28,28,28,28,28,28,28,28,28,28,28,28,28,28,28,28,28,28,28,28,28,28,28,28,28,425,47,47,86,406,406,406,406,406,406,406,406,406,406,406,406,406,406,87,87,406,87,87,87,87,87,87,87,87,406,406,406,406,406,406,406,406,406,406,406,406,406,406,406,406,406,406,406,406,406,406,406,406,406,406,406,406,406,406,406,406,406,406,406,406,406,406,406,406,406,406,406,406,406,406,406,406,406,406,406,406,406,406,406,406,406,406,406,406,406,406,406,406,406,406,406,406,406,406,87,87,88
425,28,28,28,28,28,300,301,28,28,28,28,28,28,28,28,28,28,28,28,28,28,28,28,28,28,28,28,28,28,28,28,28,28,28,28,28,28,28,28,28,28,28,28,28,28,334,335,28,28,28,28,28,28,28,28,28,28,28,300,301,28,28,28,28,28,28,28,28,28,28,28,28,28,28,28,28,28,28,28,28,28,28,28,28,28,28,28,28,28,28,28,28,28,28,28,28,28,425,47,47,86,406,406,406,406,406,406,406,406,406,406,406,406,406,406,87,87,406,406,406,406,406,406,406,87,87,406,406,406,406,406,406,406,406,406,406,406,406,406,406,406,406,406,406,406,406,406,406,406,406,406,406,406,406,406,406,406,406,406,406,406,406,406,406,406,406,406,406,406,406,406,406,406,406,406,406,406,406,406,406,406,406,406,406,406,406,406,406,406,406,406,406,406,406,406,406,87,87,88
297,28,28,28,28,28,332,333,28,28,28,28,28,28,28,28,28,28,28,300,301,28,28,28,28,28,28,28,28,28,28,28,28,28,28,28,28,28,28,28,28,28,28,28,28,28,28,28,28,28,28,28,28,28,28,28,28,28,28,332,333,28,28,28,28,28,28,28,28,28,302,303,28,28,28,28,28,28,28,300,301,28,28,28,28,28,28,28,28,302,303,28,28,28,28,28,28,28,425,47,47,86,406,406,406,406,406,406,406,406,406,406,406,406,406,406,87,87,406,406,406,406,406,406,406,87,87,406,406,406,406,406,406,406,406,406,406,406,406,406,406,406,406,406,406,406,406,406,406,406,406,406,406,406,406,406,406,406,406,406,406,406,406,406,406,406,406,406,406,406,406,406,406,406,406,406,406,406,406,406,406,406,406,406,406,406,406,406,406,406,406,406,406,406,406,406,406,87,87,88
425,28,28,28,28,28,28,28,28,28,28,28,28,28,28,28,28,28,28,332,333,28,28,28,28,28,28,28,28,28,28,28,28,300,301,28,28,28,28,28,28,28,28,28,28,28,28,28,28,28,28,28,28,28,28,28,28,28,28,28,28,28,28,28,28,28,28,28,28,28,334,335,28,28,28,28,28,28,28,332,333,28,28,28,28,28,28,28,28,334,335,28,28,28,28,28,28,28,425,47,47,86,406,406,406,406,406,406,406,406,406,406,406,406,406,406,87,87,87,87,87,87,87,87,87,87,87,406,406,406,406,406,406,406,406,406,406,406,406,406,406,406,406,406,406,406,406,406,406,406,406,406,406,406,406,406,406,406,406,406,406,406,406,406,406,406,406,406,406,406,406,406,406,406,406,406,406,406,406,406,406,406,406,406,406,406,406,406,406,406,406,406,406,406,406,406,406,87,87,88
425,28,28,28,28,28,28,28,28,28,28,28,28,28,28,28,28,28,28,28,28,28,28,28,28,28,28,28,28,28,28,28,28,332,333,28,28,28,28,28,28,28,28,28,28,460,461,28,28,28,28,28,28,28,28,28,28,28,28,28,28,28,28,28,28,28,28,28,28,28,28,28,28,28,28,28,28,28,28,28,28,28,28,28,28,28,28,28,28,28,28,28,28,28,460,461,28,28,425,47,47,86,406,406,406,406,406,406,406,406,406,406,406,406,406,406,87,87,87,87,87,87,87,87,87,87,87,406,406,406,406,406,406,406,406,406,406,406,406,406,406,406,406,406,406,406,406,406,406,406,406,406,406,406,406,406,406,406,406,406,406,406,406,406,406,406,406,406,406,406,406,406,406,406,406,406,406,406,406,406,406,406,406,406,406,406,406,406,406,406,406,406,406,406,406,406,406,87,87,88
425,28,28,28,28,28,28,28,28,28,28,28,28,28,28,28,28,28,28,28,28,28,28,28,28,28,28,28,28,28,28,28,28,28,28,28,28,28,28,28,28,28,28,28,28,492,493,28,28,28,28,28,28,28,28,28,28,28,28,28,28,28,28,28,28,28,28,28,28,28,28,28,28,28,28,28,28,28,28,28,28,28,28,28,28,28,28,28,28,28,28,28,28,28,492,493,28,28,297,47,47,86,406,406,406,406,406,406,406,406,406,406,406,406,406,406,406,406,406,406,406,406,406,406,406,406,406,406,406,406,406,406,406,406,406,406,406,406,406,406,406,406,406,406,406,406,406,406,406,406,406,406,406,406,406,406,406,406,406,406,406,406,406,406,406,406,406,406,406,406,406,406,406,406,406,406,406,406,406,406,406,406,406,406,406,406,406,406,406,406,406,406,406,406,406,406,406,87,87,88
425,28,28,28,28,28,28,28,28,28,28,28,28,28,28,28,28,28,28,28,28,28,28,28,28,28,28,28,28,28,28,28,28,28,28,28,28,28,28,28,28,28,28,28,28,28,28,28,28,28,28,28,28,28,28,28,28,28,28,28,28,28,28,28,28,28,28,28,28,28,28,28,28,28,28,28,28,28,28,28,28,28,28,28,28,28,28,28,28,28,28,28,28,28,28,28,28,28,425,47,47,86,406,406,406,406,406,406,406,406,406,406,406,406,406,406,406,406,406,406,406,406,406,406,406,406,406,406,406,406,406,406,406,406,406,406,406,406,406,406,406,406,406,406,406,406,406,406,406,406,406,406,406,406,406,406,406,406,406,406,406,406,406,406,406,406,406,406,406,406,406,406,406,406,406,406,406,406,406,406,406,406,406,406,406,406,406,406,406,406,406,406,406,406,406,406,406,87,87,88
425,28,28,28,28,28,28,28,28,28,28,28,28,28,28,28,28,28,28,28,28,28,28,28,28,28,28,28,28,28,28,28,28,28,28,28,28,28,28,28,28,28,28,28,28,28,28,28,28,28,28,28,28,28,28,28,28,28,28,28,28,28,28,28,28,28,28,28,28,28,28,28,28,28,28,28,28,28,28,28,28,28,28,28,28,28,28,28,28,28,28,28,28,28,28,28,28,28,425,47,47,86,406,406,406,406,406,406,406,406,406,406,406,406,406,406,406,406,406,406,406,406,406,406,406,406,406,406,406,406,406,406,406,406,406,406,406,406,406,406,406,406,406,406,406,406,406,406,406,406,406,406,406,406,406,406,406,406,406,406,406,406,406,406,406,406,406,406,406,406,406,406,406,406,406,406,406,406,406,406,406,406,406,406,406,406,406,406,406,406,406,406,406,406,406,406,406,87,87,88
488,424,424,424,424,424,424,424,424,424,424,424,424,424,424,424,424,424,424,424,424,424,424,424,424,424,424,424,424,424,424,424,424,424,424,424,424,424,424,424,424,424,424,424,424,424,424,424,424,424,424,424,424,424,424,424,424,424,424,424,424,424,424,424,424,424,424,424,424,424,424,424,424,424,424,424,424,424,424,424,424,424,424,424,424,424,424,424,424,424,424,424,424,424,424,424,424,424,489,47,47,118,119,119,119,119,119,119,119,119,119,119,119,119,119,119,119,119,119,119,119,119,119,119,119,119,119,119,119,119,119,119,119,119,119,119,119,119,119,119,119,119,119,119,119,119,119,119,119,119,119,119,119,119,119,119,119,119,119,119,119,119,119,119,119,119,119,119,119,119,119,119,119,119,119,119,119,119,119,119,119,119,119,119,119,119,119,119,119,119,119,119,119,119,119,119,119,119,119,120
